Shapefile,File Name,Generation,Max,Min,Median,Ratio Max to Min,Ratio Max to Median
50x50_grid,45079254_50x50_grid_to_50_with_20_sims,1,0.0653652103986761,0.0387727481326197,0.0474867244251839,1.6858544608470512,1.376494403223369
50x50_grid,45079254_50x50_grid_to_50_with_20_sims,2,0.0660648500670161,0.0345672127846746,0.04863721180623605,1.9111997972919006,1.3583190239236853
50x50_grid,45079254_50x50_grid_to_50_with_20_sims,3,0.117673053112908,0.0338562240087965,0.0446058379988886,3.4756697345319507,2.6380639483970674
50x50_grid,45079254_50x50_grid_to_50_with_20_sims,4,0.0859800430165659,0.0295724607601723,0.0448839243736105,2.9074362026836265,1.9156088558762
50x50_grid,45079254_50x50_grid_to_50_with_20_sims,5,0.0816123213018802,0.0342144646703263,0.04905254037238785,2.385316330045092,1.66377359219953
50x50_grid,45079254_50x50_grid_to_50_with_20_sims,6,0.0681554230577368,0.0318431400201994,0.04698840113022315,2.1403486909426346,1.4504733384915904
50x50_grid,45079254_50x50_grid_to_50_with_20_sims,7,0.142661045149403,0.0322653977969944,0.044957270304086305,4.421487255387015,3.1732586116652217
50x50_grid,45079254_50x50_grid_to_50_with_20_sims,8,0.0928225437829242,0.0348892237140079,0.04230746113056515,2.6604932383650683,2.193999386927624
50x50_grid,45079254_50x50_grid_to_50_with_20_sims,9,0.105487516808257,0.0308579274365325,0.0493792744738963,3.418490014445073,2.1362710961665017
50x50_grid,45079254_50x50_grid_to_50_with_20_sims,10,0.144225506081362,0.0314138904269434,0.0442938905926758,4.591138000457948,3.256103813676064
50x50_grid,45079254_50x50_grid_to_50_with_20_sims,11,0.0858148906401754,0.0263553365683682,0.044995164806601096,3.256072652214612,1.9072024962910188
50x50_grid,45079254_50x50_grid_to_50_with_20_sims,12,0.079477328629518,0.0303969679964909,0.050241644870446994,2.6146465870771403,1.5819014053870664
50x50_grid,45079254_50x50_grid_to_50_with_20_sims,13,0.0782579618955053,0.0327985518434802,0.04739228914797175,2.386018817811362,1.6512804783740755
50x50_grid,45079254_50x50_grid_to_50_with_20_sims,14,0.0778285154704247,0.0366310956496478,0.047219065213039604,2.1246570458826284,1.6482434609682246
50x50_grid,45079254_50x50_grid_to_50_with_20_sims,15,0.066414480817048,0.0353519647280038,0.04935760016774475,1.8786644908716559,1.3455775927381886
50x50_grid,45079254_50x50_grid_to_50_with_20_sims,16,0.0935883313177633,0.0320927949149117,0.048014908383506,2.9161788982821846,1.9491515129061998
50x50_grid,45079254_50x50_grid_to_50_with_20_sims,17,0.160906646803548,0.0294488657322274,0.041317493371496955,5.4639335948161705,3.8943951743827254
50x50_grid,45079254_50x50_grid_to_50_with_20_sims,18,0.155325258280029,0.0307589931533571,0.046551468731974396,5.049751059978258,3.3366349657909313
50x50_grid,45079254_50x50_grid_to_50_with_20_sims,19,0.10089531604328,0.0285744154116233,0.0442079243291992,3.5309669363257914,2.282290281080647
50x50_grid,45079254_50x50_grid_to_50_with_20_sims,20,0.0825934275042185,0.0274654465675936,0.0518644070361509,3.0071758455102,1.592487646617624
50x50_grid,45079254_50x50_grid_to_50_with_20_sims,21,0.0898714153702961,0.0313422307511909,0.04518693264152885,2.867422427067712,1.9888806368702303
50x50_grid,45079254_50x50_grid_to_50_with_20_sims,22,0.0690598547368335,0.0301278443547307,0.047587688332628095,2.2922268823388174,1.4512126383218997
50x50_grid,45079254_50x50_grid_to_50_with_20_sims,23,0.0903593369724925,0.0323275767803638,0.043738956952917546,2.7951163053884684,2.065877727028541
50x50_grid,45079254_50x50_grid_to_50_with_20_sims,24,0.0919745331768875,0.0314468933340266,0.04373493076851785,2.9247573742798925,2.102999400266444
50x50_grid,45079254_50x50_grid_to_50_with_20_sims,25,0.0745849509272967,0.031349138788685,0.05018536446026875,2.3791706505895154,1.4861892850523155
50x50_grid,45079254_50x50_grid_to_50_with_20_sims,26,0.105562818343896,0.0294350537574473,0.0465500983762545,3.5862960949132896,2.2677249248896167
50x50_grid,45079254_50x50_grid_to_50_with_20_sims,27,0.113291934182403,0.0235014051740523,0.0397970862866118,4.820645120721873,2.846739416209868
50x50_grid,45079254_50x50_grid_to_50_with_20_sims,28,0.102999067414869,0.0170592297846534,0.0485783464791738,6.037732577324661,2.1202670506503574
50x50_grid,45079254_50x50_grid_to_50_with_20_sims,29,0.133046606418069,0.0226683927843153,0.0427888234992754,5.869256267260665,3.1093775322035215
50x50_grid,45079254_50x50_grid_to_50_with_20_sims,30,0.105299556163352,0.0311007017951033,0.03982883624964225,3.3857614164813175,2.6438019806390356
50x50_grid,45079254_50x50_grid_to_50_with_20_sims,31,0.151347185534609,0.0254540452779396,0.0424663434319487,5.945899124559895,3.563932594694413
50x50_grid,45079254_50x50_grid_to_50_with_20_sims,32,0.0881933293494563,0.0213361794871718,0.048964098543374954,4.1335108472668125,1.8011835604678812
50x50_grid,45079254_50x50_grid_to_50_with_20_sims,33,0.0941178396050833,0.0200706328836738,0.04592727382939015,4.689330931942971,2.0492799105540347
50x50_grid,45079254_50x50_grid_to_50_with_20_sims,34,0.152599398596979,0.0270658621685446,0.0434826368220121,5.638076394785123,3.5094329541608893
50x50_grid,45079254_50x50_grid_to_50_with_20_sims,35,0.113618464526153,0.0230531396379804,0.043915572603035996,4.928546233197878,2.587202165235989
50x50_grid,45079254_50x50_grid_to_50_with_20_sims,36,0.094896600134514,0.0308774028382758,0.0475311107781112,3.0733349119920033,1.9965155154382657
50x50_grid,45079254_50x50_grid_to_50_with_20_sims,37,0.0841675215470724,0.033583732769715,0.043420451435760954,2.5061991209914773,1.9384303655063402
50x50_grid,45079254_50x50_grid_to_50_with_20_sims,38,0.121222280378284,0.0230086161806093,0.04051538090736325,5.26856023963949,2.992006434678567
50x50_grid,45079254_50x50_grid_to_50_with_20_sims,39,0.106519684436929,0.0256208459183364,0.0463957901656264,4.157539714982427,2.2958911585872084
50x50_grid,45079254_50x50_grid_to_50_with_20_sims,40,0.0865642965362142,0.0241592604834959,0.042798341178420296,3.5830689683299504,2.0226086841856734
50x50_grid,45079254_50x50_grid_to_50_with_20_sims,41,0.0845701516372488,0.0222336642586421,0.0446268587573577,3.80369833120858,1.895050514244532
50x50_grid,45079254_50x50_grid_to_50_with_20_sims,42,0.13434919164977,0.0163136515967263,0.044746425753811145,8.235384386701638,3.0024563836437195
50x50_grid,45079254_50x50_grid_to_50_with_20_sims,43,0.127412328122052,0.0210123660723003,0.04347975206736655,6.063683056141603,2.930383041849967
50x50_grid,45079254_50x50_grid_to_50_with_20_sims,44,0.112600998276699,0.0178437479078386,0.04441883229169655,6.310389434903101,2.5349833047670667
50x50_grid,45079254_50x50_grid_to_50_with_20_sims,45,0.0923210333919625,0.0209740220854655,0.04577382502191235,4.401684761071115,2.016895755331078
50x50_grid,45079254_50x50_grid_to_50_with_20_sims,46,0.104014381804126,0.0122841137697552,0.04151762556197705,8.467389976493097,2.505306611257296
50x50_grid,45079254_50x50_grid_to_50_with_20_sims,47,0.0791000101939233,0.0300647273883717,0.0421219342897567,2.6309904351408573,1.877881714780582
50x50_grid,45079254_50x50_grid_to_50_with_20_sims,48,0.0909516524724442,0.020659992748146,0.04751974981189595,4.402308054082259,1.9139758275763403
50x50_grid,45079254_50x50_grid_to_50_with_20_sims,49,0.0895887177406345,0.0213055164349317,0.0534620786573055,4.204954055642993,1.675743255605576
50x50_grid,14328277_50x50_grid_to_50_with_20_sims,1,0.0625807013123185,0.040256132589526,0.047890683189717356,1.5545631755148035,1.3067406256120242
50x50_grid,14328277_50x50_grid_to_50_with_20_sims,2,0.0622914919005935,0.0358869159055317,0.0503424235837342,1.7357716685537679,1.2373558415793093
50x50_grid,14328277_50x50_grid_to_50_with_20_sims,3,0.0670389210807157,0.0383159348960417,0.04843374915201955,1.7496355305594091,1.384136521628749
50x50_grid,14328277_50x50_grid_to_50_with_20_sims,4,0.0660753620535502,0.035669198598215,0.047959180564516146,1.8524487414992505,1.377741681066957
50x50_grid,14328277_50x50_grid_to_50_with_20_sims,5,0.0691351596152158,0.0373445253696826,0.0493015206606057,1.8512796435576546,1.4022926410555554
50x50_grid,14328277_50x50_grid_to_50_with_20_sims,6,0.0838434262373947,0.0376735582992489,0.048320025711775044,2.2255244798330156,1.7351693216703525
50x50_grid,14328277_50x50_grid_to_50_with_20_sims,7,0.067989476775472,0.0409924550559955,0.04816982643563225,1.6585851392066833,1.4114536382298177
50x50_grid,14328277_50x50_grid_to_50_with_20_sims,8,0.0679128769795992,0.0362975767568514,0.048206421014954245,1.871003054405835,1.4087931762976507
50x50_grid,14328277_50x50_grid_to_50_with_20_sims,9,0.0625242991965642,0.0389761053979561,0.050190223098779296,1.6041700051396863,1.2457465884044834
50x50_grid,14328277_50x50_grid_to_50_with_20_sims,10,0.0782218538339997,0.0382984869913263,0.04545004350400015,2.0424267374247735,1.7210512422747237
50x50_grid,14328277_50x50_grid_to_50_with_20_sims,11,0.188841036229309,0.0344708898154249,0.03849882786716155,5.478275647668577,4.905111316139192
50x50_grid,14328277_50x50_grid_to_50_with_20_sims,12,0.148852581480552,0.0276147872517366,0.039563796724603154,5.390321501433663,3.7623431976634967
50x50_grid,14328277_50x50_grid_to_50_with_20_sims,13,0.113796889088185,0.0280392857116335,0.0502846893690454,4.058480314317375,2.2630524423252556
50x50_grid,14328277_50x50_grid_to_50_with_20_sims,14,0.104370689065665,0.0331986238854134,0.047191553408329354,3.1438257629564803,2.211639192348423
50x50_grid,14328277_50x50_grid_to_50_with_20_sims,15,0.101014737505865,0.0314749526986273,0.04708151548538245,3.2093690012207863,2.1455285893935887
50x50_grid,14328277_50x50_grid_to_50_with_20_sims,16,0.0850990695237447,0.0273990029062695,0.0444739269968058,3.105918482320835,1.9134597565413252
50x50_grid,14328277_50x50_grid_to_50_with_20_sims,17,0.0916520895664631,0.0340558917242965,0.0478723467165517,2.6912256565895682,1.9145100637979526
50x50_grid,14328277_50x50_grid_to_50_with_20_sims,18,0.070121502163598,0.0324142672589804,0.048077300716316704,2.163291294026422,1.4585157885080646
50x50_grid,14328277_50x50_grid_to_50_with_20_sims,19,0.10233659256508,0.0272482319905593,0.044960732197014755,3.7557149616362846,2.276132695451851
50x50_grid,14328277_50x50_grid_to_50_with_20_sims,20,0.0974333952476842,0.0304255038728211,0.0475997862969805,3.2023592987960603,2.04692925803881
50x50_grid,14328277_50x50_grid_to_50_with_20_sims,21,0.103455369471802,0.0294395897265984,0.041895039267599,3.5141579903992692,2.469394259568408
50x50_grid,14328277_50x50_grid_to_50_with_20_sims,22,0.0744468314053784,0.0310122621545602,0.0478343955283704,2.4005611404401006,1.556345190172295
50x50_grid,14328277_50x50_grid_to_50_with_20_sims,23,0.119544829720603,0.0309535257739706,0.041624899536342505,3.8620747307930423,2.8719547927371925
50x50_grid,14328277_50x50_grid_to_50_with_20_sims,24,0.115989638856445,0.0286329796594326,0.0457597713194353,4.050910531703408,2.5347512785139585
50x50_grid,14328277_50x50_grid_to_50_with_20_sims,25,0.108460987920672,0.0223925794611084,0.0390727415440109,4.843612952632271,2.7758735024647123
50x50_grid,14328277_50x50_grid_to_50_with_20_sims,26,0.124473059815349,0.0230680544553518,0.04723006558508555,5.39590627619969,2.635462353765087
50x50_grid,14328277_50x50_grid_to_50_with_20_sims,27,0.0755439492502381,0.0345588429766324,0.0457789891494145,2.1859513439532257,1.650188233813465
50x50_grid,14328277_50x50_grid_to_50_with_20_sims,28,0.127990237087647,0.0292932095941217,0.043148106687455404,4.369280077568931,2.9663001905216397
50x50_grid,14328277_50x50_grid_to_50_with_20_sims,29,0.127403211490757,0.016066110709662,0.041376765962397755,7.929934866821126,3.0791002759021353
50x50_grid,14328277_50x50_grid_to_50_with_20_sims,30,0.143162556248468,0.0175232489569492,0.0450275311134756,8.169863739320668,3.1794449464190824
50x50_grid,14328277_50x50_grid_to_50_with_20_sims,31,0.141410513713725,0.0211577185178174,0.03807182930360415,6.683637160341271,3.7143083560825403
50x50_grid,14328277_50x50_grid_to_50_with_20_sims,32,0.0903194629481766,0.0185901622153837,0.0497777193161631,4.858454805382794,1.814455627717949
50x50_grid,14328277_50x50_grid_to_50_with_20_sims,33,0.132772439737939,0.0286106976011126,0.04205423725253095,4.640657197144882,3.1571715102251288
50x50_grid,14328277_50x50_grid_to_50_with_20_sims,34,0.107301134205427,0.0248447482309614,0.0437294374852396,4.3188658306349375,2.4537506168846863
50x50_grid,14328277_50x50_grid_to_50_with_20_sims,35,0.114969089462763,0.0150494376561361,0.0493880504227725,7.63942760451828,2.327872602352239
50x50_grid,14328277_50x50_grid_to_50_with_20_sims,36,0.11081147296619,0.0262762391780492,0.04452809448861865,4.217174010912503,2.4885743313025293
50x50_grid,14328277_50x50_grid_to_50_with_20_sims,37,0.0871439429255891,0.0311839341892274,0.0449756913320522,2.794514072431992,1.937578730746167
50x50_grid,14328277_50x50_grid_to_50_with_20_sims,38,0.0855280899325098,0.0253536893998649,0.048629449670528,3.373398190046674,1.7587714957083775
50x50_grid,14328277_50x50_grid_to_50_with_20_sims,39,0.0981851982135583,0.0257005564337249,0.045817091812385954,3.820353013241273,2.142981894521193
50x50_grid,14328277_50x50_grid_to_50_with_20_sims,40,0.0890857164013235,0.0226140013675502,0.04377841123627435,3.9394052805336965,2.0349234676544854
50x50_grid,14328277_50x50_grid_to_50_with_20_sims,41,0.0993410414480119,0.0213535230931803,0.04043034186198875,4.652208491054039,2.457091305018348
50x50_grid,14328277_50x50_grid_to_50_with_20_sims,42,0.169463335685188,0.0200158949387863,0.03627451030400815,8.46643810848578,4.671691892322063
50x50_grid,14328277_50x50_grid_to_50_with_20_sims,43,0.119308188893245,0.0154246173897654,0.04748026026232715,7.73492047669259,2.512795596192407
50x50_grid,14328277_50x50_grid_to_50_with_20_sims,44,0.101961236916891,0.0161489908586718,0.047533312547802145,6.313783802914171,2.145047997956236
50x50_grid,14328277_50x50_grid_to_50_with_20_sims,45,0.0859960737958054,0.0190722420213902,0.0507721363468997,4.50896510747702,1.6937651236150235
50x50_grid,14328277_50x50_grid_to_50_with_20_sims,46,0.0761822328794592,0.018353476188203,0.049497275741796,4.1508339945119825,1.5391197139185209
50x50_grid,14328277_50x50_grid_to_50_with_20_sims,47,0.150199677232581,0.0218126739668049,0.050273594432174246,6.885890169227249,2.9876454812718896
50x50_grid,14328277_50x50_grid_to_50_with_20_sims,48,0.109624876249703,0.0141716767128602,0.0459457010836668,7.735490899973962,2.3859659046246104
50x50_grid,14328277_50x50_grid_to_50_with_20_sims,49,0.101830982890661,0.0207929607167652,0.04306229072356395,4.897377736521932,2.364736784309955
50x50_grid,3654992_50x50_grid_to_50_with_20_sims,1,0.0705408853902195,0.0399929228581779,0.04462223802264405,1.7638342073763944,1.5808459753726996
50x50_grid,3654992_50x50_grid_to_50_with_20_sims,2,0.0651667872022753,0.0386810642662162,0.05042411125984905,1.6847206362724503,1.2923735406352184
50x50_grid,3654992_50x50_grid_to_50_with_20_sims,3,0.0699806421803852,0.0378565664061729,0.0474710175690128,1.8485734133821006,1.4741761555595092
50x50_grid,3654992_50x50_grid_to_50_with_20_sims,4,0.070474802315724,0.0377177304046288,0.04979176495047785,1.868479401058426,1.4153907254707119
50x50_grid,3654992_50x50_grid_to_50_with_20_sims,5,0.0989596250252129,0.037605717945925,0.047885978908947344,2.631504739984263,2.0665678614063503
50x50_grid,3654992_50x50_grid_to_50_with_20_sims,6,0.0830224881065025,0.0388071976822267,0.04845722058444385,2.1393579816386987,1.7133151077417572
50x50_grid,3654992_50x50_grid_to_50_with_20_sims,7,0.0937768748798901,0.0346947636957017,0.04775958664382175,2.7029114739728874,1.9635193993459994
50x50_grid,3654992_50x50_grid_to_50_with_20_sims,8,0.0705446275477283,0.0363912409432178,0.049315853774367896,1.938505687613152,1.4304655024424244
50x50_grid,3654992_50x50_grid_to_50_with_20_sims,9,0.0650654747741238,0.0369596943419678,0.0483925838527064,1.760444071103744,1.3445340090160314
50x50_grid,3654992_50x50_grid_to_50_with_20_sims,10,0.0951128794658306,0.0351075802563868,0.046041191136858645,2.7091835658063497,2.065821433314031
50x50_grid,3654992_50x50_grid_to_50_with_20_sims,11,0.0816658781749152,0.0325822418534215,0.047181634805726055,2.5064536241031976,1.7308827579031678
50x50_grid,3654992_50x50_grid_to_50_with_20_sims,12,0.0950377748916593,0.031116160800466,0.0522166752118417,3.054289875318937,1.8200656113414633
50x50_grid,3654992_50x50_grid_to_50_with_20_sims,13,0.068150396782643,0.0356734135533795,0.0506393704932619,1.910397407880996,1.3457986566343894
50x50_grid,3654992_50x50_grid_to_50_with_20_sims,14,0.0807321594971702,0.0341057428352746,0.05023740605073115,2.3671133593862446,1.6070128982305456
50x50_grid,3654992_50x50_grid_to_50_with_20_sims,15,0.081556711917383,0.0364965681122247,0.04644236376947465,2.2346405740562,1.7560844302026697
50x50_grid,3654992_50x50_grid_to_50_with_20_sims,16,0.0829247747761713,0.0328236840891473,0.0501919710828983,2.526370121981196,1.6521521866358007
50x50_grid,3654992_50x50_grid_to_50_with_20_sims,17,0.0813633100998745,0.0314840437317426,0.048335804640982596,2.5842712833562422,1.6832927620468079
50x50_grid,3654992_50x50_grid_to_50_with_20_sims,18,0.0996859939210314,0.0291751972878888,0.04738773313047785,3.4168061637208886,2.1036244474188077
50x50_grid,3654992_50x50_grid_to_50_with_20_sims,19,0.0707408072959744,0.0281986411644586,0.05024397273764055,2.508660147253326,1.407946136452274
50x50_grid,3654992_50x50_grid_to_50_with_20_sims,20,0.0996526225487553,0.0260448849341991,0.04331656569207755,3.8261878599395582,2.300566098825822
50x50_grid,3654992_50x50_grid_to_50_with_20_sims,21,0.0901507264173563,0.0256833106249185,0.04868171411265155,3.510089790756575,1.851839608785009
50x50_grid,3654992_50x50_grid_to_50_with_20_sims,22,0.0948789888005621,0.0289457372329274,0.04334643790951805,3.277822500669699,2.1888531878585686
50x50_grid,3654992_50x50_grid_to_50_with_20_sims,23,0.0910078720517223,0.0247683877309375,0.04593757372425915,3.6743559185342898,1.981120565879212
50x50_grid,3654992_50x50_grid_to_50_with_20_sims,24,0.151423644675285,0.0223245961848149,0.0429278268736245,6.782816738171628,3.5274006560141515
50x50_grid,3654992_50x50_grid_to_50_with_20_sims,25,0.160778837934215,0.021383010943607,0.0421264122795768,7.518999001507969,3.81658036452731
50x50_grid,3654992_50x50_grid_to_50_with_20_sims,26,0.115105798789302,0.019291570820006,0.04481576649947975,5.966636924657967,2.5684219590584982
50x50_grid,3654992_50x50_grid_to_50_with_20_sims,27,0.13618642062625,0.0257224496645143,0.04142987603267595,5.294457658678113,3.2871549149420356
50x50_grid,3654992_50x50_grid_to_50_with_20_sims,28,0.0891014272888314,0.0266584952697259,0.04639734195347425,3.342327704070281,1.9203993922362927
50x50_grid,3654992_50x50_grid_to_50_with_20_sims,29,0.133073200552108,0.021099964874914,0.043303998710859895,6.3067972549243585,3.073000288971825
50x50_grid,3654992_50x50_grid_to_50_with_20_sims,30,0.130890712835631,0.0232288315901942,0.04464519759214755,5.6348384260052535,2.931798264874357
50x50_grid,3654992_50x50_grid_to_50_with_20_sims,31,0.117943829668175,0.0239470504311766,0.04584370637869785,4.925192353318981,2.5727376555002945
50x50_grid,3654992_50x50_grid_to_50_with_20_sims,32,0.142031095458252,0.023055047642729,0.04111135756063345,6.160520579233985,3.4547897195750874
50x50_grid,3654992_50x50_grid_to_50_with_20_sims,33,0.0807425830633866,0.0219715407062396,0.0499607268382998,3.674871241071268,1.6161210649459463
50x50_grid,3654992_50x50_grid_to_50_with_20_sims,34,0.08247849145496,0.0275699766134742,0.0489969606088086,2.9916054195943897,1.6833389342956948
50x50_grid,3654992_50x50_grid_to_50_with_20_sims,35,0.13136369644012,0.0217026239359301,0.03985734810524505,6.052894655868726,3.2958463792736157
50x50_grid,3654992_50x50_grid_to_50_with_20_sims,36,0.123618751470696,0.0257680973117935,0.041880348144962096,4.797356590783999,2.9517126037923456
50x50_grid,3654992_50x50_grid_to_50_with_20_sims,37,0.107224847716277,0.0185185564913051,0.040164914618397704,5.790129903841134,2.669614730543015
50x50_grid,3654992_50x50_grid_to_50_with_20_sims,38,0.0809399344554354,0.027700509580082,0.04483333990173565,2.921965540794062,1.8053514333939227
50x50_grid,3654992_50x50_grid_to_50_with_20_sims,39,0.112466842647428,0.0186413125062932,0.0406222665922307,6.033204078814721,2.7686008704629517
50x50_grid,3654992_50x50_grid_to_50_with_20_sims,40,0.115617292433068,0.0193067321654229,0.0510830300813356,5.988444416302156,2.263320955099559
50x50_grid,3654992_50x50_grid_to_50_with_20_sims,41,0.113798225498384,0.0243514660827622,0.039584025813710955,4.673157053937667,2.8748522455481784
50x50_grid,3654992_50x50_grid_to_50_with_20_sims,42,0.130193732223635,0.0129821746491031,0.035373682774458154,10.028653576358234,3.680525238317635
50x50_grid,3654992_50x50_grid_to_50_with_20_sims,43,0.0988115645863995,0.0118284753676376,0.0472656719162814,8.353702528454797,2.0905566467227628
50x50_grid,3654992_50x50_grid_to_50_with_20_sims,44,0.0951671024829563,0.0191923532331104,0.05049789051382625,4.958594776109854,1.884575801377281
50x50_grid,3654992_50x50_grid_to_50_with_20_sims,45,0.0805303180883132,0.0204205327960121,0.051242296939231546,3.9435953455651194,1.5715594908599517
50x50_grid,3654992_50x50_grid_to_50_with_20_sims,46,0.0953880597329567,0.0266809023331286,0.04675346516798275,3.57514369424145,2.040235079693717
50x50_grid,3654992_50x50_grid_to_50_with_20_sims,47,0.208078302295069,0.0248733596972062,0.04150764181505545,8.365508513047416,5.013011898440249
50x50_grid,3654992_50x50_grid_to_50_with_20_sims,48,0.124261186154317,0.0266488357274837,0.044687416383761946,4.662912384804973,2.7806751029685786
50x50_grid,3654992_50x50_grid_to_50_with_20_sims,49,0.105110757204817,0.0264132792745996,0.04318163207226385,3.9794663930993615,2.4341543420340304
50x50_grid,80191041_50x50_grid_to_50_with_20_sims,1,0.0713400790915428,0.0379736568868009,0.04743240023559135,1.8786728732554487,1.5040368764221232
50x50_grid,80191041_50x50_grid_to_50_with_20_sims,2,0.0756277354528091,0.0365614942244895,0.04840013627876915,2.068507785498339,1.562552117977887
50x50_grid,80191041_50x50_grid_to_50_with_20_sims,3,0.0668447974022826,0.0373718942452301,0.04791509214426295,1.7886381932811504,1.3950677001940435
50x50_grid,80191041_50x50_grid_to_50_with_20_sims,4,0.0711134481808868,0.0340426108350672,0.0504603237191864,2.0889540031293086,1.4092943314560529
50x50_grid,80191041_50x50_grid_to_50_with_20_sims,5,0.127056877721956,0.0346974751297836,0.046631560931910704,3.661847936966831,2.7246970760313753
50x50_grid,80191041_50x50_grid_to_50_with_20_sims,6,0.0729059326731313,0.0358962050058286,0.0483182256306921,2.031020623525336,1.508870239366176
50x50_grid,80191041_50x50_grid_to_50_with_20_sims,7,0.0706083966397154,0.0376299642150914,0.0508949381392555,1.8763875574295148,1.3873363289394554
50x50_grid,80191041_50x50_grid_to_50_with_20_sims,8,0.0795112918056453,0.0344339007629575,0.047679730191700395,2.3090991738926108,1.667612033163011
50x50_grid,80191041_50x50_grid_to_50_with_20_sims,9,0.0819809727753448,0.0345082118689123,0.046581725983004946,2.375694605294796,1.7599384961659654
50x50_grid,80191041_50x50_grid_to_50_with_20_sims,10,0.074572613720343,0.0336598870912155,0.04650225738061045,2.215474268177353,1.6036342732780269
50x50_grid,80191041_50x50_grid_to_50_with_20_sims,11,0.0638123139387222,0.0363279974041573,0.05073703729043,1.7565601876920323,1.2577067433686844
50x50_grid,80191041_50x50_grid_to_50_with_20_sims,12,0.0648452540049475,0.0367609504441091,0.048501398665702106,1.7639710949132679,1.3369769901255033
50x50_grid,80191041_50x50_grid_to_50_with_20_sims,13,0.112483212219847,0.0351935204326579,0.04422441059750265,3.196134141654893,2.543464360522171
50x50_grid,80191041_50x50_grid_to_50_with_20_sims,14,0.0849614472290957,0.0340322471516009,0.044251053428925,2.496498302055233,1.919986997949298
50x50_grid,80191041_50x50_grid_to_50_with_20_sims,15,0.0993940396752008,0.0344774490418536,0.04570396394438925,2.882871048682931,2.1747356486658243
50x50_grid,80191041_50x50_grid_to_50_with_20_sims,16,0.164739149505079,0.0202835020759455,0.0319389469724038,8.121829696285316,5.157939291092425
50x50_grid,80191041_50x50_grid_to_50_with_20_sims,17,0.111599905945863,0.0148663268121566,0.05291782871945775,7.506891739700268,2.108928288375294
50x50_grid,80191041_50x50_grid_to_50_with_20_sims,18,0.100423758847248,0.0319705161324098,0.04536657150885285,3.1411366157284015,2.2136069689033313
50x50_grid,80191041_50x50_grid_to_50_with_20_sims,19,0.0886555535188294,0.0257498195769588,0.0490828152741809,3.4429582410806203,1.8062442633657363
50x50_grid,80191041_50x50_grid_to_50_with_20_sims,20,0.092788994389791,0.0292436093500208,0.0432430869553362,3.172966554134502,2.145753250354872
50x50_grid,80191041_50x50_grid_to_50_with_20_sims,21,0.0711699087697555,0.0347723612825189,0.0471229269586652,2.046737872976568,1.5103032295125383
50x50_grid,80191041_50x50_grid_to_50_with_20_sims,22,0.0856729305346428,0.0326195989862968,0.046313462670951,2.626425008187048,1.8498493870634092
50x50_grid,80191041_50x50_grid_to_50_with_20_sims,23,0.102447671702833,0.0271979554642781,0.04354982015515735,3.766741652231476,2.352424679087928
50x50_grid,80191041_50x50_grid_to_50_with_20_sims,24,0.091243249945906,0.0223666453630846,0.04447518339728685,4.079433838411009,2.0515542146470875
50x50_grid,80191041_50x50_grid_to_50_with_20_sims,25,0.0943254637564882,0.0239382676470318,0.05023748866448235,3.940362984795351,1.8775911428704801
50x50_grid,80191041_50x50_grid_to_50_with_20_sims,26,0.0704938706295134,0.03078560177697,0.0494742974608568,2.289832472342582,1.4248584466568104
50x50_grid,80191041_50x50_grid_to_50_with_20_sims,27,0.0926173284389965,0.0298817334877509,0.0477370714729154,3.0994630374091963,1.9401552206977093
50x50_grid,80191041_50x50_grid_to_50_with_20_sims,28,0.0715458799707994,0.0300104364148441,0.0473738953031543,2.3840333070068445,1.5102384871027412
50x50_grid,80191041_50x50_grid_to_50_with_20_sims,29,0.097590088845768,0.0236610767823675,0.050107639516045896,4.124499055702031,1.9476089831475074
50x50_grid,80191041_50x50_grid_to_50_with_20_sims,30,0.094831804220498,0.0238072340501651,0.04643913474766435,3.983318852609018,2.042066561657193
50x50_grid,80191041_50x50_grid_to_50_with_20_sims,31,0.0888203934019217,0.016727466426843,0.043326738342656046,5.309853335552916,2.0500133820245647
50x50_grid,80191041_50x50_grid_to_50_with_20_sims,32,0.0925457889218547,0.0154262901755272,0.0523117794861859,5.999225210262966,1.7691194952810483
50x50_grid,80191041_50x50_grid_to_50_with_20_sims,33,0.0865664403820936,0.0266621448689824,0.04317959567669795,3.246792064459949,2.0047996982243523
50x50_grid,80191041_50x50_grid_to_50_with_20_sims,34,0.0849580465557324,0.0272484197974874,0.049702135105470654,3.1179072836938038,1.7093440025352387
50x50_grid,80191041_50x50_grid_to_50_with_20_sims,35,0.0988647158913808,0.028971182492201,0.0428022620830898,3.4125191789460105,2.3098011899338373
50x50_grid,80191041_50x50_grid_to_50_with_20_sims,36,0.093227592143717,0.0236900627848075,0.042386261114990054,3.9353037174516943,2.199476662751618
50x50_grid,80191041_50x50_grid_to_50_with_20_sims,37,0.17425867215477,0.0208473495942825,0.03971800808497525,8.358792630529946,4.387397066387364
50x50_grid,80191041_50x50_grid_to_50_with_20_sims,38,0.149892527849463,0.0140593487657843,0.0368100126591111,10.661413294920937,4.072058579212742
50x50_grid,80191041_50x50_grid_to_50_with_20_sims,39,0.0720363830403997,0.0282811037224407,0.0505348766062169,2.5471560002532625,1.4254785581397391
50x50_grid,80191041_50x50_grid_to_50_with_20_sims,40,0.143056482677607,0.0146735693989227,0.03974594333906745,9.749262690515499,3.5992725460611377
50x50_grid,80191041_50x50_grid_to_50_with_20_sims,41,0.105085127072506,0.0200756380160023,0.04678743402358895,5.234460144616206,2.2460117607544996
50x50_grid,80191041_50x50_grid_to_50_with_20_sims,42,0.107762898021743,0.0159991420521927,0.0451118303182055,6.735542297843026,2.388794630180496
50x50_grid,80191041_50x50_grid_to_50_with_20_sims,43,0.10449466528149,0.0245928704361065,0.046431910599484746,4.248982059779168,2.250492472361229
50x50_grid,80191041_50x50_grid_to_50_with_20_sims,44,0.107207492765958,0.0208853272446783,0.0506913275569803,5.133148813518116,2.1149079720875315
50x50_grid,80191041_50x50_grid_to_50_with_20_sims,45,0.128766020361075,0.0224810504901581,0.046797017775293756,5.727758158696678,2.751586030105029
50x50_grid,80191041_50x50_grid_to_50_with_20_sims,46,0.0707162690789632,0.0190911030747091,0.0520563724835778,3.7041478851289855,1.358455568552573
50x50_grid,80191041_50x50_grid_to_50_with_20_sims,47,0.092746710463782,0.0303118428766486,0.040816650468326,3.059751623852322,2.2722763725003374
50x50_grid,80191041_50x50_grid_to_50_with_20_sims,48,0.134175663565564,0.0291612257882119,0.04651122055641105,4.601166787021794,2.884802031863028
50x50_grid,80191041_50x50_grid_to_50_with_20_sims,49,0.0806795168237374,0.0315729576275345,0.0479074658769468,2.555336049777532,1.6840698072189328
50x50_grid,93906742_50x50_grid_to_50_with_20_sims,1,0.0609455094796694,0.042258107584274,0.04880749578771815,1.442220510185595,1.2486915891924464
50x50_grid,93906742_50x50_grid_to_50_with_20_sims,2,0.0639974581692392,0.038833133283331,0.05000811653562485,1.6480117043944507,1.279741422047931
50x50_grid,93906742_50x50_grid_to_50_with_20_sims,3,0.0688973758172521,0.0388462685988091,0.04811639841707445,1.773590573879836,1.4318897108642148
50x50_grid,93906742_50x50_grid_to_50_with_20_sims,4,0.0680129282373221,0.0383725725066802,0.0477857783365606,1.7724359821193088,1.423288070318734
50x50_grid,93906742_50x50_grid_to_50_with_20_sims,5,0.0742629830470243,0.0335961240371672,0.04561386471381715,2.210462819010538,1.6280791709484088
50x50_grid,93906742_50x50_grid_to_50_with_20_sims,6,0.0867181597886212,0.0351724077504805,0.045527979581245354,2.4655167312916335,1.9047223396740318
50x50_grid,93906742_50x50_grid_to_50_with_20_sims,7,0.0733290392429854,0.0389414378039041,0.04857377387594425,1.8830593675622769,1.5096426197039012
50x50_grid,93906742_50x50_grid_to_50_with_20_sims,8,0.0714313354664989,0.0353135646924689,0.04842509585092235,2.022773290902932,1.4750891910756714
50x50_grid,93906742_50x50_grid_to_50_with_20_sims,9,0.0823183668949929,0.0363877190501438,0.04549292859066665,2.2622568559890976,1.809476097607868
50x50_grid,93906742_50x50_grid_to_50_with_20_sims,10,0.0642598736073769,0.0338276345619643,0.049610794193070545,1.8996265757118744,1.2952800827436155
50x50_grid,93906742_50x50_grid_to_50_with_20_sims,11,0.0967148514539637,0.0347814249909816,0.044300287361255,2.780646608902329,2.183165329499656
50x50_grid,93906742_50x50_grid_to_50_with_20_sims,12,0.0817259714560985,0.033696674749589,0.04611364643280825,2.425342324233204,1.7722730206378414
50x50_grid,93906742_50x50_grid_to_50_with_20_sims,13,0.0779938379254961,0.0327287397431846,0.043120573751067745,2.383038226876349,1.8087384081610194
50x50_grid,93906742_50x50_grid_to_50_with_20_sims,14,0.0725136516389844,0.0376381541353547,0.051443572904042195,1.9265995717592872,1.409576503837404
50x50_grid,93906742_50x50_grid_to_50_with_20_sims,15,0.0629690871975247,0.0358156333215338,0.0503410506788733,1.7581452946042182,1.2508496812910388
50x50_grid,93906742_50x50_grid_to_50_with_20_sims,16,0.0883688774372093,0.0335084489684125,0.0441988635719087,2.6372118124748845,1.9993472749234567
50x50_grid,93906742_50x50_grid_to_50_with_20_sims,17,0.0982309003679244,0.0328993074613491,0.0471053735754807,2.985804503129083,2.085343834722406
50x50_grid,93906742_50x50_grid_to_50_with_20_sims,18,0.0908595133980524,0.0283458153507634,0.0442231702229858,3.205394245101699,2.054568067823109
50x50_grid,93906742_50x50_grid_to_50_with_20_sims,19,0.0827013959252606,0.030391975532987,0.04649044600831405,2.721158939980645,1.7788901382118558
50x50_grid,93906742_50x50_grid_to_50_with_20_sims,20,0.0773953530362582,0.0340776077947218,0.046293813123222546,2.271149826668461,1.6718292967194373
50x50_grid,93906742_50x50_grid_to_50_with_20_sims,21,0.0862692305402571,0.0259559327680939,0.04504895536798495,3.323680613254739,1.915010677507658
50x50_grid,93906742_50x50_grid_to_50_with_20_sims,22,0.0772018081417041,0.0288698523931176,0.0524252026216512,2.674132416420271,1.472608674474066
50x50_grid,93906742_50x50_grid_to_50_with_20_sims,23,0.0913450498496313,0.0277592730090185,0.04292047928296165,3.290613908366941,2.1282392782107857
50x50_grid,93906742_50x50_grid_to_50_with_20_sims,24,0.0867640312791735,0.0308658716658473,0.048657864760059094,2.8110021391418147,1.7831450620988598
50x50_grid,93906742_50x50_grid_to_50_with_20_sims,25,0.109699727816959,0.0304305189800316,0.04409228599846995,3.6049246445301697,2.4879573678889253
50x50_grid,93906742_50x50_grid_to_50_with_20_sims,26,0.0976706948923334,0.0229391426925099,0.04343952328471765,4.257818010096118,2.248429253059844
50x50_grid,93906742_50x50_grid_to_50_with_20_sims,27,0.086994390746165,0.0288399063494759,0.0479331062623716,3.016458850177435,1.814912437971024
50x50_grid,93906742_50x50_grid_to_50_with_20_sims,28,0.0855612543051657,0.0304591273365205,0.04710019442651805,2.8090514005822396,1.8165796414843154
50x50_grid,93906742_50x50_grid_to_50_with_20_sims,29,0.0998087439540053,0.0276712726449376,0.04702368601608975,3.606944473956643,2.122520636086556
50x50_grid,93906742_50x50_grid_to_50_with_20_sims,30,0.0885063245771215,0.0279057779969643,0.0477178482607141,3.171612867655923,1.854784484278357
50x50_grid,93906742_50x50_grid_to_50_with_20_sims,31,0.0930309711083367,0.0232863038491997,0.047952521380265,3.9950939277782367,1.9400642224962101
50x50_grid,93906742_50x50_grid_to_50_with_20_sims,32,0.0914482901181661,0.0230438831963603,0.04913260914024495,3.9684409671287537,1.8612545052743803
50x50_grid,93906742_50x50_grid_to_50_with_20_sims,33,0.0889430079771137,0.0238900735345328,0.04943235176792475,3.7230110593233503,1.7992874058406885
50x50_grid,93906742_50x50_grid_to_50_with_20_sims,34,0.10962363150619,0.0176923835158796,0.03799099020093675,6.1960917480563635,2.885516563963816
50x50_grid,93906742_50x50_grid_to_50_with_20_sims,35,0.136353066451834,0.0253754933412487,0.04496685924867265,5.37341539012318,3.032301315459539
50x50_grid,93906742_50x50_grid_to_50_with_20_sims,36,0.104868191668927,0.0211701406254738,0.04836277634215735,4.953589752858809,2.1683658300963677
50x50_grid,93906742_50x50_grid_to_50_with_20_sims,37,0.110527403623722,0.0247163208469953,0.04948560382147865,4.471838843164982,2.2335264215923107
50x50_grid,93906742_50x50_grid_to_50_with_20_sims,38,0.128090081340869,0.0222927937438061,0.048187884614684845,5.745806596199184,2.6581387077911827
50x50_grid,93906742_50x50_grid_to_50_with_20_sims,39,0.0858104704733497,0.0184972825175236,0.04623860721035785,4.639085248984884,1.855818668649851
50x50_grid,93906742_50x50_grid_to_50_with_20_sims,40,0.082527309145438,0.0171807523852641,0.049580590150051645,4.803474684625659,1.6645084073359309
50x50_grid,93906742_50x50_grid_to_50_with_20_sims,41,0.115674583127976,0.026569329649659,0.03949307186851095,4.3536884314829,2.928984190267735
50x50_grid,93906742_50x50_grid_to_50_with_20_sims,42,0.0799654167308221,0.0186583569223382,0.0517850803238102,4.285769484615535,1.5441786752246263
50x50_grid,93906742_50x50_grid_to_50_with_20_sims,43,0.0778252129831987,0.0279598481152139,0.04744219123301155,2.7834633672724194,1.6404219737861903
50x50_grid,93906742_50x50_grid_to_50_with_20_sims,44,0.108741250074196,0.0245710607146824,0.041598226708460195,4.4255822464033,2.614083788626507
50x50_grid,93906742_50x50_grid_to_50_with_20_sims,45,0.131792537296057,0.0234515112011504,0.04154842045759445,5.61978868507169,3.172022807234474
50x50_grid,93906742_50x50_grid_to_50_with_20_sims,46,0.105752825442727,0.01375755153249,0.048649625774971256,7.686892917898934,2.1737644176727375
50x50_grid,93906742_50x50_grid_to_50_with_20_sims,47,0.0742227607342174,0.0243299581096569,0.05005083170518985,3.050673593422972,1.4829475995804706
50x50_grid,93906742_50x50_grid_to_50_with_20_sims,48,0.0870140389751919,0.0240044611482662,0.044467883060533,3.6249111545449866,1.9567839300274739
50x50_grid,93906742_50x50_grid_to_50_with_20_sims,49,0.0808615328936735,0.0255684364134074,0.050350931201832705,3.162552906491845,1.605959035187223
CA_cd_2020_map,14328277_CA_cd_2020_map_with_20_sims,1,0.084620974735596,0.042608478015035,0.047185248742103905,1.9860126124602786,1.793377739685153
CA_cd_2020_map,14328277_CA_cd_2020_map_with_20_sims,2,0.0759128409208939,0.0379957196231273,0.047073445791139104,1.997931390005498,1.6126467830231241
CA_cd_2020_map,14328277_CA_cd_2020_map_with_20_sims,3,0.0713999689610975,0.0364630591360982,0.0509695948936839,1.9581453298966893,1.4008345389055725
CA_cd_2020_map,14328277_CA_cd_2020_map_with_20_sims,4,0.0965469681915432,0.0373115385923475,0.04666671024407,2.5875901084214394,2.068861672198364
CA_cd_2020_map,14328277_CA_cd_2020_map_with_20_sims,5,0.0756346628993031,0.037388807540116,0.0483568298547137,2.022922576981134,1.5640947333922557
CA_cd_2020_map,14328277_CA_cd_2020_map_with_20_sims,6,0.0821007423660384,0.0393818519882093,0.0473346722376934,2.0847354357692187,1.734473663486365
CA_cd_2020_map,14328277_CA_cd_2020_map_with_20_sims,7,0.0863377710029856,0.0333927477929744,0.04542118793469775,2.5855246036730906,1.9008259125039577
CA_cd_2020_map,14328277_CA_cd_2020_map_with_20_sims,8,0.0723087557639037,0.0325920169395169,0.0475587837255165,2.218603282456919,1.5204080108782978
CA_cd_2020_map,14328277_CA_cd_2020_map_with_20_sims,9,0.0736605918650495,0.036030563349512,0.0480951304526241,2.044391900024155,1.5315602883665853
CA_cd_2020_map,14328277_CA_cd_2020_map_with_20_sims,10,0.0940376371147904,0.0311106155933943,0.046808768425560754,3.022686479233711,2.008974819842504
CA_cd_2020_map,14328277_CA_cd_2020_map_with_20_sims,11,0.0700688385071242,0.0370896660656242,0.04778900156810125,1.8891741538774884,1.4662126474283688
CA_cd_2020_map,14328277_CA_cd_2020_map_with_20_sims,12,0.0688807734278673,0.0362957786088796,0.04850547144091545,1.8977626618820054,1.4200619307817886
CA_cd_2020_map,14328277_CA_cd_2020_map_with_20_sims,13,0.0892559339346681,0.0342439362506507,0.0494449945545675,2.6064741296489267,1.805156108090279
CA_cd_2020_map,14328277_CA_cd_2020_map_with_20_sims,14,0.0870040225119072,0.0380145242681406,0.0470598594171492,2.288704756587575,1.8487947815713586
CA_cd_2020_map,14328277_CA_cd_2020_map_with_20_sims,15,0.0868899470818257,0.037783400469116,0.044718769648114956,2.2996857350848874,1.9430308070984326
CA_cd_2020_map,14328277_CA_cd_2020_map_with_20_sims,16,0.0783247740136371,0.034667833274077,0.0461200690587521,2.259292451143889,1.6982796342707036
CA_cd_2020_map,14328277_CA_cd_2020_map_with_20_sims,17,0.0843121211778049,0.0318206012830613,0.047382598334888004,2.6496080456746682,1.7793899900108587
CA_cd_2020_map,14328277_CA_cd_2020_map_with_20_sims,18,0.0679779072795277,0.0314264459051818,0.04819274374797615,2.1630797031464204,1.4105423761514393
CA_cd_2020_map,14328277_CA_cd_2020_map_with_20_sims,19,0.0761582880080556,0.0367318243759043,0.047236269668421954,2.0733597990851407,1.6122841312968534
CA_cd_2020_map,14328277_CA_cd_2020_map_with_20_sims,20,0.0981341780058873,0.0279151016693558,0.0455073456842102,3.515451212331262,2.1564469764259875
CA_cd_2020_map,14328277_CA_cd_2020_map_with_20_sims,21,0.0962524729664794,0.0241998695680226,0.0467490489604052,3.977396353146721,2.058918311857036
CA_cd_2020_map,14328277_CA_cd_2020_map_with_20_sims,22,0.075549121473283,0.0291789066221342,0.04572951169496625,2.5891690340437163,1.652086774449402
CA_cd_2020_map,14328277_CA_cd_2020_map_with_20_sims,23,0.116777562359461,0.0308661143060053,0.04475419551524765,3.783358060614089,2.609309831514571
CA_cd_2020_map,14328277_CA_cd_2020_map_with_20_sims,24,0.0774581098322034,0.0315875898821519,0.04890022157096865,2.4521690360419033,1.5840032487335223
CA_cd_2020_map,14328277_CA_cd_2020_map_with_20_sims,25,0.0830435265851309,0.0318132387529403,0.0503890549088747,2.610344933128058,1.6480469168415575
CA_cd_2020_map,14328277_CA_cd_2020_map_with_20_sims,26,0.0803819103624582,0.0245013075307653,0.04567768292129625,3.280719213108357,1.7597633071922272
CA_cd_2020_map,14328277_CA_cd_2020_map_with_20_sims,27,0.0847569135499296,0.0263271599456715,0.0487841593814521,3.2193716954215055,1.737385959388991
CA_cd_2020_map,14328277_CA_cd_2020_map_with_20_sims,28,0.0837590530811975,0.02399284848815,0.04847533306859445,3.4910007922804938,1.7278695736381064
CA_cd_2020_map,14328277_CA_cd_2020_map_with_20_sims,29,0.0842765003036389,0.0296753040707567,0.04729283023178785,2.8399540608815035,1.7820143114842066
CA_cd_2020_map,14328277_CA_cd_2020_map_with_20_sims,30,0.0783707967363152,0.0340330233165946,0.049701144476919146,2.30278679643784,1.5768408868876256
CA_cd_2020_map,14328277_CA_cd_2020_map_with_20_sims,31,0.134117711551817,0.02762523222024,0.0438217676819709,4.8548989736113,3.0605271910789567
CA_cd_2020_map,14328277_CA_cd_2020_map_with_20_sims,32,0.0764885693037346,0.0313342800089773,0.047422550188033805,2.4410508006509346,1.6129155644403759
CA_cd_2020_map,14328277_CA_cd_2020_map_with_20_sims,33,0.087510954595106,0.0300983213703377,0.04762829044190635,2.9075028310831055,1.8373734136404858
CA_cd_2020_map,14328277_CA_cd_2020_map_with_20_sims,34,0.113645684124631,0.0304386074884208,0.042937569017892196,3.7336032592116157,2.6467656815241343
CA_cd_2020_map,14328277_CA_cd_2020_map_with_20_sims,35,0.11287008443527,0.0160455136889535,0.03998720255032425,7.034370268430557,2.8226551805723843
CA_cd_2020_map,14328277_CA_cd_2020_map_with_20_sims,36,0.127781656384965,0.0205632139927334,0.04457476035829985,6.214089705535346,2.8666818477055918
CA_cd_2020_map,14328277_CA_cd_2020_map_with_20_sims,37,0.100779680749501,0.0176215128961564,0.042753103188271455,5.719127599508385,2.3572483219685463
CA_cd_2020_map,14328277_CA_cd_2020_map_with_20_sims,38,0.129718943185696,0.0202686330688057,0.041864326657372206,6.399984781674253,3.098555585220497
CA_cd_2020_map,14328277_CA_cd_2020_map_with_20_sims,39,0.10084352139961,0.0263653288661324,0.0426220687188065,3.82485353820671,2.365993121190618
CA_cd_2020_map,14328277_CA_cd_2020_map_with_20_sims,40,0.096109104954711,0.0294489298756141,0.042336114458906046,3.2635856501630123,2.2701446786761745
CA_cd_2020_map,14328277_CA_cd_2020_map_with_20_sims,41,0.0881750453607154,0.0212841713044778,0.0522676770681124,4.14275209963965,1.6869899392278416
CA_cd_2020_map,14328277_CA_cd_2020_map_with_20_sims,42,0.0811469954453325,0.0226539716981719,0.04489637979585195,3.582020694935396,1.8074284789623465
CA_cd_2020_map,14328277_CA_cd_2020_map_with_20_sims,43,0.0924995268525019,0.0207049413092649,0.04266041970043835,4.4675097345536,2.16827512485892
CA_cd_2020_map,14328277_CA_cd_2020_map_with_20_sims,44,0.115281190738226,0.0152253210489608,0.04700059237405885,7.5716755244444895,2.4527603784384095
CA_cd_2020_map,14328277_CA_cd_2020_map_with_20_sims,45,0.0766872079456435,0.0218869777521266,0.045538836102038044,3.5037824232353123,1.683995782716358
CA_cd_2020_map,14328277_CA_cd_2020_map_with_20_sims,46,0.128175005628627,0.0184290747706258,0.0481826431312021,6.9550428995451155,2.6601904191848593
CA_cd_2020_map,14328277_CA_cd_2020_map_with_20_sims,47,0.108135570348706,0.0165542356289513,0.04567531244822285,6.532199539288321,2.3674839766293347
CA_cd_2020_map,14328277_CA_cd_2020_map_with_20_sims,48,0.100924963915467,0.0132264620960905,0.04431151767993955,7.630533636451321,2.2776237240268835
CA_cd_2020_map,14328277_CA_cd_2020_map_with_20_sims,49,0.115758318150427,0.0139950804419875,0.0486961985722995,8.271357826792718,2.377153074455289
CA_cd_2020_map,14328277_CA_cd_2020_map_with_20_sims,50,0.146017620882694,0.027251784987304,0.045973421265894904,5.358093825807019,3.176131270243667
CA_cd_2020_map,14328277_CA_cd_2020_map_with_20_sims,51,0.0728529481490607,0.0186187460935198,0.05481882902647045,3.9128815540600206,1.3289767301282938
CA_cd_2020_map,3654992_CA_cd_2020_map_with_20_sims,1,0.0843784121692746,0.0391438818055537,0.04750637000667155,2.155596437482168,1.7761494333796692
CA_cd_2020_map,3654992_CA_cd_2020_map_with_20_sims,2,0.0733805159122459,0.030220566117306,0.04614042159292485,2.4281648340870783,1.5903737629371386
CA_cd_2020_map,3654992_CA_cd_2020_map_with_20_sims,3,0.0830093465917947,0.0385761285147693,0.0496316142714298,2.151831969348963,1.6725095044828842
CA_cd_2020_map,3654992_CA_cd_2020_map_with_20_sims,4,0.0813117797649318,0.0363845280602981,0.046849473871230146,2.234790008274347,1.735596433557062
CA_cd_2020_map,3654992_CA_cd_2020_map_with_20_sims,5,0.0687744901099929,0.0371384827541131,0.04785087104417475,1.851838982365969,1.437267255730872
CA_cd_2020_map,3654992_CA_cd_2020_map_with_20_sims,6,0.0803414305772968,0.0366188838628788,0.04561535064504045,2.1939890598014733,1.7612805654499986
CA_cd_2020_map,3654992_CA_cd_2020_map_with_20_sims,7,0.0739837761273932,0.031141416885286,0.0519027869552178,2.3757357091337026,1.4254297402416383
CA_cd_2020_map,3654992_CA_cd_2020_map_with_20_sims,8,0.0855059576680838,0.038488687054086,0.0464706787366166,2.221586762570702,1.8399980373152873
CA_cd_2020_map,3654992_CA_cd_2020_map_with_20_sims,9,0.10143707046343,0.036062883100339,0.04344644308952275,2.812783164928832,2.3347612197945815
CA_cd_2020_map,3654992_CA_cd_2020_map_with_20_sims,10,0.15226170176487,0.0276134926459549,0.0434143506488688,5.514032712814936,3.507174459347518
CA_cd_2020_map,3654992_CA_cd_2020_map_with_20_sims,11,0.103675511492978,0.0322063806776851,0.04431235662506665,3.2190984926416104,2.339652399221096
CA_cd_2020_map,3654992_CA_cd_2020_map_with_20_sims,12,0.0820792116287467,0.0335498533605782,0.0488529865965764,2.446484959162044,1.6801267915623972
CA_cd_2020_map,3654992_CA_cd_2020_map_with_20_sims,13,0.106286360438579,0.0306209177460703,0.042559996084978,3.471037717418484,2.497330127248153
CA_cd_2020_map,3654992_CA_cd_2020_map_with_20_sims,14,0.0719905502811952,0.034145889734291,0.04828689786449085,2.10832257824867,1.4908920113945758
CA_cd_2020_map,3654992_CA_cd_2020_map_with_20_sims,15,0.0703810109644946,0.0393145756067444,0.04853730417117915,1.7902014679873783,1.4500395554783607
CA_cd_2020_map,3654992_CA_cd_2020_map_with_20_sims,16,0.0637247064767672,0.0347899007166615,0.050870177965622806,1.8317013030809919,1.2526928158150197
CA_cd_2020_map,3654992_CA_cd_2020_map_with_20_sims,17,0.0767360263485932,0.0366707685011375,0.0479279950811953,2.0925666269091936,1.6010689831401024
CA_cd_2020_map,3654992_CA_cd_2020_map_with_20_sims,18,0.0958070638287333,0.0301592161115112,0.0491320857326555,3.176709350617557,1.9499897551683911
CA_cd_2020_map,3654992_CA_cd_2020_map_with_20_sims,19,0.157005252042261,0.027077736890545,0.0449163322763455,5.798315150077556,3.4955047325835515
CA_cd_2020_map,3654992_CA_cd_2020_map_with_20_sims,20,0.0747630790870341,0.0262809618800771,0.04876052607572595,2.8447619013408336,1.5332705592824352
CA_cd_2020_map,3654992_CA_cd_2020_map_with_20_sims,21,0.0838718774184777,0.0318342172107023,0.049969877300486604,2.6346455093697396,1.6784487365083234
CA_cd_2020_map,3654992_CA_cd_2020_map_with_20_sims,22,0.0724231744720885,0.029805297628417,0.0503073358737343,2.429875902431476,1.4396145853134112
CA_cd_2020_map,3654992_CA_cd_2020_map_with_20_sims,23,0.0755749321953909,0.0330112988930991,0.05028967549153,2.2893656029750944,1.5027922025092315
CA_cd_2020_map,3654992_CA_cd_2020_map_with_20_sims,24,0.07056091326827,0.0324332319673921,0.04940760653375225,2.175574526128353,1.428138665653984
CA_cd_2020_map,3654992_CA_cd_2020_map_with_20_sims,25,0.0739990084445715,0.0350568717599394,0.048672789803868854,2.110827484873665,1.5203362852788342
CA_cd_2020_map,3654992_CA_cd_2020_map_with_20_sims,26,0.0778370646011127,0.0376835766389649,0.0439967981348901,2.065543442090075,1.7691529361402953
CA_cd_2020_map,3654992_CA_cd_2020_map_with_20_sims,27,0.105727295821055,0.0270937810554988,0.0454793636345193,3.9022717281313968,2.324731204919651
CA_cd_2020_map,3654992_CA_cd_2020_map_with_20_sims,28,0.0860942651511514,0.0330420511066493,0.0464148490552337,2.605596876333927,1.8548862466125693
CA_cd_2020_map,3654992_CA_cd_2020_map_with_20_sims,29,0.118411694870056,0.0293790877753263,0.04203008362778725,4.030475546946789,2.8173080957605032
CA_cd_2020_map,3654992_CA_cd_2020_map_with_20_sims,30,0.0879196391783916,0.0262125095474465,0.050401977167294346,3.354109953465189,1.7443688545504585
CA_cd_2020_map,3654992_CA_cd_2020_map_with_20_sims,31,0.120877149343644,0.0277171566205646,0.038399183076419596,4.361094862593512,3.147909399610977
CA_cd_2020_map,3654992_CA_cd_2020_map_with_20_sims,32,0.109281106316684,0.0272143796462881,0.04328027127588545,4.015564849797683,2.524963524837525
CA_cd_2020_map,3654992_CA_cd_2020_map_with_20_sims,33,0.118583517572201,0.0237254700405861,0.046394810021933006,4.998152507383225,2.5559651503291207
CA_cd_2020_map,3654992_CA_cd_2020_map_with_20_sims,34,0.14634050675772,0.0280062317482331,0.04030408240985455,5.225283718040809,3.630910270318895
CA_cd_2020_map,3654992_CA_cd_2020_map_with_20_sims,35,0.10291911006776,0.0172917000774919,0.04606856790218,5.951937033752211,2.2340418804920086
CA_cd_2020_map,3654992_CA_cd_2020_map_with_20_sims,36,0.109857448117698,0.026012698757045,0.044089092707092645,4.223223785573013,2.491714874868023
CA_cd_2020_map,3654992_CA_cd_2020_map_with_20_sims,37,0.127213717533906,0.0283313699976037,0.04728207147675955,4.490207058277305,2.690527583937076
CA_cd_2020_map,3654992_CA_cd_2020_map_with_20_sims,38,0.0864012658550359,0.028800284653542,0.04642268977330315,3.0000143017478766,1.8611861199116408
CA_cd_2020_map,3654992_CA_cd_2020_map_with_20_sims,39,0.15440276120137,0.0237727753702703,0.042778946308194496,6.494940485344536,3.6093166037564015
CA_cd_2020_map,3654992_CA_cd_2020_map_with_20_sims,40,0.107550311177776,0.0256130204637027,0.04415882315128275,4.1990483445788875,2.4355339092557275
CA_cd_2020_map,3654992_CA_cd_2020_map_with_20_sims,41,0.184021799621818,0.0244883222314914,0.03946296816323465,7.514675684280663,4.663151511073118
CA_cd_2020_map,3654992_CA_cd_2020_map_with_20_sims,42,0.189152143410381,0.0175842070276043,0.0292830845699278,10.756933372852322,6.459433703395796
CA_cd_2020_map,3654992_CA_cd_2020_map_with_20_sims,43,0.161482734395429,0.0123458001274055,0.035462081075247356,13.079973167309408,4.5536733744637585
CA_cd_2020_map,3654992_CA_cd_2020_map_with_20_sims,44,0.156611866367624,0.0131051414030968,0.038037464479829655,11.950414081805784,4.117305622478372
CA_cd_2020_map,3654992_CA_cd_2020_map_with_20_sims,45,0.170010879722225,0.0142949751183147,0.03453516641991705,11.893051811220527,4.922833660479386
CA_cd_2020_map,3654992_CA_cd_2020_map_with_20_sims,46,0.105235872101489,0.0130659496173159,0.0464836565065318,8.054207706573669,2.2639327456242917
CA_cd_2020_map,3654992_CA_cd_2020_map_with_20_sims,47,0.0977835903103556,0.0141177055432731,0.046806882968223454,6.926308953720047,2.0890857093974735
CA_cd_2020_map,3654992_CA_cd_2020_map_with_20_sims,48,0.105296596838557,0.0165516280650012,0.04515178484093145,6.361706318256938,2.332058349620378
CA_cd_2020_map,3654992_CA_cd_2020_map_with_20_sims,49,0.117990264420098,0.0110315902739668,0.045935693132845054,10.695671384618095,2.568596583029076
CA_cd_2020_map,3654992_CA_cd_2020_map_with_20_sims,50,0.0768406394100302,0.0191685742993249,0.0498159328145219,4.008677860446641,1.542491228581999
CA_cd_2020_map,3654992_CA_cd_2020_map_with_20_sims,51,0.0903353557803728,0.026391175193815,0.04586919921045285,3.4229379751737494,1.9694120964681423
CA_cd_2020_map,80191041_CA_cd_2020_map_with_20_sims,1,0.0801907830395859,0.0384302858917775,0.0466615425978605,2.0866559063705385,1.7185626229867244
CA_cd_2020_map,80191041_CA_cd_2020_map_with_20_sims,2,0.0684012015803869,0.0363046025776343,0.0489116017537619,1.884091732835162,1.3984657857811007
CA_cd_2020_map,80191041_CA_cd_2020_map_with_20_sims,3,0.0696589068829057,0.0387606544366248,0.044483164974671946,1.7971550763365145,1.5659611208547874
CA_cd_2020_map,80191041_CA_cd_2020_map_with_20_sims,4,0.0744915332226377,0.0336171851848022,0.0496868933249064,2.215876576612195,1.499218973815325
CA_cd_2020_map,80191041_CA_cd_2020_map_with_20_sims,5,0.0670706564557822,0.0360053051243804,0.0520523864999637,1.862799279830749,1.2885222170520263
CA_cd_2020_map,80191041_CA_cd_2020_map_with_20_sims,6,0.070342657129661,0.0379981927785195,0.045816790353793546,1.8512105967688528,1.5353030316283767
CA_cd_2020_map,80191041_CA_cd_2020_map_with_20_sims,7,0.0666429184692902,0.0373774455481759,0.04771959351076285,1.78297145489501,1.3965525178721254
CA_cd_2020_map,80191041_CA_cd_2020_map_with_20_sims,8,0.0689995244350841,0.0385595190416135,0.05053542970951855,1.7894290735478235,1.3653693029167568
CA_cd_2020_map,80191041_CA_cd_2020_map_with_20_sims,9,0.0765881552269581,0.0356278823637768,0.04944386920626055,2.149669027335343,1.5489919469583209
CA_cd_2020_map,80191041_CA_cd_2020_map_with_20_sims,10,0.0934589310356917,0.0329395781080858,0.046817405740944854,2.8372837906126667,1.9962432680022637
CA_cd_2020_map,80191041_CA_cd_2020_map_with_20_sims,11,0.0925860230137126,0.0332031976265429,0.046955237022438395,2.788467064379926,1.9717933266840657
CA_cd_2020_map,80191041_CA_cd_2020_map_with_20_sims,12,0.0913808814374156,0.0338792484332965,0.0436779441107373,2.697252320025097,2.092151617890631
CA_cd_2020_map,80191041_CA_cd_2020_map_with_20_sims,13,0.0817348494793812,0.0300593204030894,0.04561633071537495,2.7191183427746677,1.7917892166594742
CA_cd_2020_map,80191041_CA_cd_2020_map_with_20_sims,14,0.0894278320216997,0.028394370028227,0.04714944208290365,3.1494916750327264,1.8966890820141042
CA_cd_2020_map,80191041_CA_cd_2020_map_with_20_sims,15,0.0911438672793866,0.0282855286043681,0.0461153360255967,3.2222790867451336,1.9764328992159235
CA_cd_2020_map,80191041_CA_cd_2020_map_with_20_sims,16,0.143726487301848,0.0231947657760284,0.04372047421908665,6.196505224053099,3.287395433581611
CA_cd_2020_map,80191041_CA_cd_2020_map_with_20_sims,17,0.125074916971403,0.0272884702449048,0.04280873208512015,4.583434536597247,2.9217150538984935
CA_cd_2020_map,80191041_CA_cd_2020_map_with_20_sims,18,0.085027215582938,0.0273481765815692,0.044953737369408,3.109063426197143,1.8914381886477116
CA_cd_2020_map,80191041_CA_cd_2020_map_with_20_sims,19,0.100886864230362,0.0300600529294641,0.0477002426757806,3.356177198592863,2.1150178399739348
CA_cd_2020_map,80191041_CA_cd_2020_map_with_20_sims,20,0.0785587414407055,0.0270506091546956,0.05388821940261705,2.9041394591688454,1.457809189310314
CA_cd_2020_map,80191041_CA_cd_2020_map_with_20_sims,21,0.076240170045926,0.0352926813483423,0.049810133933634204,2.1602260619823097,1.5306156403334816
CA_cd_2020_map,80191041_CA_cd_2020_map_with_20_sims,22,0.0785308481159889,0.0366493926928502,0.047550032587969804,2.142759875290081,1.6515414152598766
CA_cd_2020_map,80191041_CA_cd_2020_map_with_20_sims,23,0.0882505996044531,0.0313421606399973,0.04707268832907455,2.81571524752611,1.8747728828978931
CA_cd_2020_map,80191041_CA_cd_2020_map_with_20_sims,24,0.0827636080490964,0.0319509963499162,0.0483717553507761,2.590329489030581,1.7109903795907728
CA_cd_2020_map,80191041_CA_cd_2020_map_with_20_sims,25,0.0842467844662445,0.0325554432225723,0.049650045619559796,2.587794117569625,1.6968118239362748
CA_cd_2020_map,80191041_CA_cd_2020_map_with_20_sims,26,0.107834401331574,0.0295769913977902,0.046235403180281,3.645888112190839,2.332290710456364
CA_cd_2020_map,80191041_CA_cd_2020_map_with_20_sims,27,0.131091459739356,0.0263767509439387,0.0372874744413462,4.969962373985277,3.515696938540715
CA_cd_2020_map,80191041_CA_cd_2020_map_with_20_sims,28,0.152871952294038,0.0199147359371924,0.042015381802848695,7.676323340473579,3.6384758565652993
CA_cd_2020_map,80191041_CA_cd_2020_map_with_20_sims,29,0.123508314954603,0.019733890826618,0.0379353741177745,6.2586904954399145,3.255755817015485
CA_cd_2020_map,80191041_CA_cd_2020_map_with_20_sims,30,0.0757560160240751,0.0286152374259185,0.04906786453328185,2.6474012742406403,1.543902852603075
CA_cd_2020_map,80191041_CA_cd_2020_map_with_20_sims,31,0.084719183341447,0.0283575147855858,0.0473961612258774,2.9875390696969673,1.7874693044801262
CA_cd_2020_map,80191041_CA_cd_2020_map_with_20_sims,32,0.0996803947211634,0.0250032138916298,0.042769693376262546,3.9867032755550236,2.3306315021768813
CA_cd_2020_map,80191041_CA_cd_2020_map_with_20_sims,33,0.12375432990936,0.0237760126709287,0.043217083464424044,5.205007737091104,2.863551169787604
CA_cd_2020_map,80191041_CA_cd_2020_map_with_20_sims,34,0.0885713178333006,0.0233183331703496,0.04942151281145005,3.798355447889533,1.7921612025761438
CA_cd_2020_map,80191041_CA_cd_2020_map_with_20_sims,35,0.103615046557999,0.0216725244808307,0.036783509004443896,4.780940339905777,2.8168885830191197
CA_cd_2020_map,80191041_CA_cd_2020_map_with_20_sims,36,0.127078885976167,0.02106582457704,0.0433873416993511,6.032466733567716,2.9289392020545844
CA_cd_2020_map,80191041_CA_cd_2020_map_with_20_sims,37,0.135374798394387,0.0142549119149078,0.036901207918497395,9.496712375529443,3.668573632965764
CA_cd_2020_map,80191041_CA_cd_2020_map_with_20_sims,38,0.153891212682714,0.0182129522668775,0.0396666931530881,8.44954790567283,3.8796078132551206
CA_cd_2020_map,80191041_CA_cd_2020_map_with_20_sims,39,0.127367869587775,0.011521865161456,0.0470178211751876,11.054448893730996,2.708927517359949
CA_cd_2020_map,80191041_CA_cd_2020_map_with_20_sims,40,0.102149601824223,0.0219765305913674,0.0469906900864519,4.648122295716157,2.173826382125727
CA_cd_2020_map,80191041_CA_cd_2020_map_with_20_sims,41,0.103538153272054,0.0200612277608105,0.04281100463790585,5.161107510793294,2.4184938930486797
CA_cd_2020_map,80191041_CA_cd_2020_map_with_20_sims,42,0.0944054310122415,0.0228046212034244,0.05091683410356705,4.139750016898564,1.8541103875432778
CA_cd_2020_map,80191041_CA_cd_2020_map_with_20_sims,43,0.0838928397802221,0.0252313855645723,0.04284297225404095,3.324939867670885,1.958147051114301
CA_cd_2020_map,80191041_CA_cd_2020_map_with_20_sims,44,0.154439363458518,0.0175593252317709,0.04153029046474005,8.795290332630989,3.718716188359909
CA_cd_2020_map,80191041_CA_cd_2020_map_with_20_sims,45,0.152796559919569,0.0166143581137719,0.031664680073911954,9.196657425658445,4.825457246462306
CA_cd_2020_map,80191041_CA_cd_2020_map_with_20_sims,46,0.186315959623549,0.0158583347140963,0.034776382988402896,11.74877204842541,5.3575427808487435
CA_cd_2020_map,80191041_CA_cd_2020_map_with_20_sims,47,0.125537198136088,0.0154384477622757,0.0350926733472753,8.131465032569,3.577305065754846
CA_cd_2020_map,80191041_CA_cd_2020_map_with_20_sims,48,0.116358632441777,0.0115895989601493,0.043370667246292,10.039918796316835,2.6828877633125447
CA_cd_2020_map,80191041_CA_cd_2020_map_with_20_sims,49,0.144235240178992,0.0106825973556497,0.0343183276283903,13.501888667807028,4.202863313760996
CA_cd_2020_map,80191041_CA_cd_2020_map_with_20_sims,50,0.096184442687549,0.007731987483676,0.05814542212980765,12.439808379231915,1.6542049083902175
CA_cd_2020_map,80191041_CA_cd_2020_map_with_20_sims,51,0.107139466015944,0.019835559399343,0.047054719579400356,5.401383639298457,2.276912219934843
CA_cd_2020_map,45079254_CA_cd_2020_map_with_20_sims,1,0.0893836966686164,0.0405316868449368,0.04817883299603255,2.205279464695711,1.8552482721193557
CA_cd_2020_map,45079254_CA_cd_2020_map_with_20_sims,2,0.0635086122465053,0.0397254088591227,0.05088242792930965,1.5986899586540297,1.2481442971773486
CA_cd_2020_map,45079254_CA_cd_2020_map_with_20_sims,3,0.101179880973713,0.0391350849059932,0.0456159878860585,2.585400829377482,2.2180793546868762
CA_cd_2020_map,45079254_CA_cd_2020_map_with_20_sims,4,0.0661352805618753,0.034057858825589,0.0464831089249267,1.9418508045545504,1.4227809217470406
CA_cd_2020_map,45079254_CA_cd_2020_map_with_20_sims,5,0.0648809004884667,0.0394037814390528,0.0500788345818398,1.6465653325384582,1.2955752870494037
CA_cd_2020_map,45079254_CA_cd_2020_map_with_20_sims,6,0.064020254764048,0.0310297110100218,0.0495971338713594,2.063192104604877,1.2908055318296818
CA_cd_2020_map,45079254_CA_cd_2020_map_with_20_sims,7,0.0692944943621645,0.0396384861316572,0.04843002386320555,1.7481619790424487,1.430816853567785
CA_cd_2020_map,45079254_CA_cd_2020_map_with_20_sims,8,0.0839186830517989,0.0358177114699682,0.04766422294462265,2.3429381612547067,1.7606220739043095
CA_cd_2020_map,45079254_CA_cd_2020_map_with_20_sims,9,0.0709189882464552,0.0374043616229108,0.050896321481722295,1.8960085179749766,1.3934010588942736
CA_cd_2020_map,45079254_CA_cd_2020_map_with_20_sims,10,0.0899568967658976,0.0375703629519805,0.04683350721157645,2.3943579379542723,1.9207807000126138
CA_cd_2020_map,45079254_CA_cd_2020_map_with_20_sims,11,0.0977172035530277,0.0368612955129915,0.046943084155966,2.6509432778505566,2.081610216072878
CA_cd_2020_map,45079254_CA_cd_2020_map_with_20_sims,12,0.0935315852259534,0.0334987665463081,0.0450511163676546,2.7920904220953027,2.0761213653987576
CA_cd_2020_map,45079254_CA_cd_2020_map_with_20_sims,13,0.0789776031211084,0.0310806658770527,0.04881671338086035,2.541052480455983,1.617839417105726
CA_cd_2020_map,45079254_CA_cd_2020_map_with_20_sims,14,0.0644754639712729,0.0346461903661972,0.04992540525164355,1.8609683572650126,1.2914359662438666
CA_cd_2020_map,45079254_CA_cd_2020_map_with_20_sims,15,0.0688606122923179,0.0315278709474601,0.0496707382876423,2.184118693173772,1.3863416302279905
CA_cd_2020_map,45079254_CA_cd_2020_map_with_20_sims,16,0.0849628966862004,0.0307002239157046,0.04260315549839555,2.7675008794557328,1.994286472263777
CA_cd_2020_map,45079254_CA_cd_2020_map_with_20_sims,17,0.10084308364025,0.0277427441669198,0.043097677418565156,3.6349354279269313,2.3398728117262744
CA_cd_2020_map,45079254_CA_cd_2020_map_with_20_sims,18,0.0734143279724016,0.0307969481715332,0.0488850503426796,2.3838182784702444,1.5017746214389487
CA_cd_2020_map,45079254_CA_cd_2020_map_with_20_sims,19,0.106012848369861,0.0293754878152986,0.0443724186043818,3.6088880986905707,2.3891609180706723
CA_cd_2020_map,45079254_CA_cd_2020_map_with_20_sims,20,0.106129746453404,0.0304709481611615,0.0433281820026851,3.4829814251949593,2.4494391767193697
CA_cd_2020_map,45079254_CA_cd_2020_map_with_20_sims,21,0.0903738615225906,0.0270932752655981,0.04023672854618475,3.335656565573802,2.246053911138853
CA_cd_2020_map,45079254_CA_cd_2020_map_with_20_sims,22,0.0847262069687068,0.0260097877745756,0.04862307248816195,3.2574739826030457,1.7425103481343083
CA_cd_2020_map,45079254_CA_cd_2020_map_with_20_sims,23,0.0915306952079947,0.0263812616116022,0.0489469843743152,3.469534420133284,1.869996617320212
CA_cd_2020_map,45079254_CA_cd_2020_map_with_20_sims,24,0.0948455208417012,0.0260152635237012,0.04918004299412425,3.6457643704163214,1.9285367614061013
CA_cd_2020_map,45079254_CA_cd_2020_map_with_20_sims,25,0.0798869500253508,0.0236082717346094,0.048233895339528,3.383854223781982,1.6562408958059605
CA_cd_2020_map,45079254_CA_cd_2020_map_with_20_sims,26,0.0780009550482499,0.0306508879741895,0.0467087016403947,2.544818770468671,1.6699448348783255
CA_cd_2020_map,45079254_CA_cd_2020_map_with_20_sims,27,0.111300887410117,0.0314545960716034,0.0446957907803119,3.5384618246806,2.4901872294234932
CA_cd_2020_map,45079254_CA_cd_2020_map_with_20_sims,28,0.0772590572436852,0.0244980765769796,0.047880806585941,3.1536784939387505,1.6135705046032034
CA_cd_2020_map,45079254_CA_cd_2020_map_with_20_sims,29,0.0909251456461825,0.0293674889235818,0.047029508953859794,3.0961157721990498,1.9333637043794842
CA_cd_2020_map,45079254_CA_cd_2020_map_with_20_sims,30,0.0906636562292568,0.0287819697759729,0.04365113522521185,3.1500156846437433,2.0770056898060156
CA_cd_2020_map,45079254_CA_cd_2020_map_with_20_sims,31,0.111426610835637,0.0224570273905391,0.04736660500843115,4.961770268961769,2.3524297512098093
CA_cd_2020_map,45079254_CA_cd_2020_map_with_20_sims,32,0.0729904361438337,0.0275622854420479,0.04993007902080085,2.648199703805493,1.461853006750218
CA_cd_2020_map,45079254_CA_cd_2020_map_with_20_sims,33,0.162292761695719,0.0278991658863583,0.04628833486844565,5.817118775406629,3.5061265901433956
CA_cd_2020_map,45079254_CA_cd_2020_map_with_20_sims,34,0.108665202833879,0.0252783287920997,0.0375261421376966,4.2987494833060484,2.8957200672306835
CA_cd_2020_map,45079254_CA_cd_2020_map_with_20_sims,35,0.33112911860986,0.0228581970650356,0.0341371500761142,14.486230811106374,9.699963760054807
CA_cd_2020_map,45079254_CA_cd_2020_map_with_20_sims,36,0.124867855721476,0.0133352259786483,0.04063111539384945,9.363760008372426,3.0732076762130416
CA_cd_2020_map,45079254_CA_cd_2020_map_with_20_sims,37,0.121735712438067,0.0267322958314868,0.041702109529510756,4.553881686984768,2.919173965334295
CA_cd_2020_map,45079254_CA_cd_2020_map_with_20_sims,38,0.158997036326569,0.0226514038514158,0.03852668998460705,7.019301645475323,4.126932170661291
CA_cd_2020_map,45079254_CA_cd_2020_map_with_20_sims,39,0.135652483697687,0.0146778716977864,0.037616964218678856,9.241972302983479,3.60615181249337
CA_cd_2020_map,45079254_CA_cd_2020_map_with_20_sims,40,0.140835957894802,0.0110992237474761,0.0464627544938196,12.68881149700467,3.0311581702185943
CA_cd_2020_map,45079254_CA_cd_2020_map_with_20_sims,41,0.111578778083189,0.0136968452885661,0.0498603144383879,8.146312215144397,2.2378274052215668
CA_cd_2020_map,45079254_CA_cd_2020_map_with_20_sims,42,0.19399146305638,0.016104982913321,0.037442804675032096,12.045431162545526,5.181007799496892
CA_cd_2020_map,45079254_CA_cd_2020_map_with_20_sims,43,0.180203591033564,0.0242238725738581,0.0385816711321435,7.439090941554737,4.6707046570471435
CA_cd_2020_map,45079254_CA_cd_2020_map_with_20_sims,44,0.0868855692500211,0.0284374796596198,0.0475866689113419,3.0553189062459527,1.825838438321801
CA_cd_2020_map,45079254_CA_cd_2020_map_with_20_sims,45,0.0988254962075883,0.0273221533937788,0.04815951424230715,3.617046386617926,2.0520451205210066
CA_cd_2020_map,45079254_CA_cd_2020_map_with_20_sims,46,0.103413988884595,0.018182887449589,0.037017593275314245,5.687434912155965,2.7936443116510827
CA_cd_2020_map,45079254_CA_cd_2020_map_with_20_sims,47,0.0967439631325605,0.0218146032719024,0.0488274584347906,4.434825695737885,1.9813434127799776
CA_cd_2020_map,45079254_CA_cd_2020_map_with_20_sims,48,0.141394555376118,0.0166058081667505,0.03182117214600485,8.514765072333528,4.443411283762848
CA_cd_2020_map,45079254_CA_cd_2020_map_with_20_sims,49,0.157101534809026,0.0139115571439605,0.0403325670056105,11.29287923582511,3.8951533828028415
CA_cd_2020_map,45079254_CA_cd_2020_map_with_20_sims,50,0.113803348675078,0.016024118382629,0.03948267642175785,7.102003739466062,2.882361556734893
CA_cd_2020_map,45079254_CA_cd_2020_map_with_20_sims,51,0.0862419817550966,0.02746732651746,0.046441599477507,3.1398025468651145,1.856998525575461
CA_cd_2020_map,93906742_CA_cd_2020_map_with_20_sims,1,0.0701917789812662,0.038137742941582,0.0455601459226363,1.8404806778624367,1.540639907090197
CA_cd_2020_map,93906742_CA_cd_2020_map_with_20_sims,2,0.080183333157957,0.0354294442576889,0.04798868953921335,2.2631834858813966,1.6708798245560803
CA_cd_2020_map,93906742_CA_cd_2020_map_with_20_sims,3,0.093843389028137,0.0367910076145978,0.04565622951267345,2.5507153816277155,2.055434494477639
CA_cd_2020_map,93906742_CA_cd_2020_map_with_20_sims,4,0.0667456408190724,0.0373685393794044,0.04875843222028725,1.786145295683115,1.3689045725982365
CA_cd_2020_map,93906742_CA_cd_2020_map_with_20_sims,5,0.0899098087652305,0.0346499929015633,0.0459394701637308,2.5948002073378214,1.957136389357278
CA_cd_2020_map,93906742_CA_cd_2020_map_with_20_sims,6,0.0816850478830343,0.0317800755853597,0.050892034390232405,2.570322643306254,1.6050654854291289
CA_cd_2020_map,93906742_CA_cd_2020_map_with_20_sims,7,0.0859111247420478,0.0316655151527994,0.04983946495243395,2.713081543991644,1.7237569629617837
CA_cd_2020_map,93906742_CA_cd_2020_map_with_20_sims,8,0.0705464976398776,0.0366497995644994,0.04964806722394855,1.9248808582356345,1.420931399437204
CA_cd_2020_map,93906742_CA_cd_2020_map_with_20_sims,9,0.0803806933073282,0.0326634676309299,0.04924723191885845,2.460874461204284,1.6321870321517031
CA_cd_2020_map,93906742_CA_cd_2020_map_with_20_sims,10,0.0731604180047,0.0351314906075639,0.049342247656834246,2.0824740635670143,1.4827135260135798
CA_cd_2020_map,93906742_CA_cd_2020_map_with_20_sims,11,0.0927254881600936,0.0370290840970267,0.04434021451975395,2.504125889722968,2.091227775156198
CA_cd_2020_map,93906742_CA_cd_2020_map_with_20_sims,12,0.0763408166081254,0.0299164733990068,0.04872639507759735,2.551798655875657,1.5667240822259016
CA_cd_2020_map,93906742_CA_cd_2020_map_with_20_sims,13,0.0848636477971136,0.036331301632273,0.048961322865968396,2.3358273440368413,1.7332793076164998
CA_cd_2020_map,93906742_CA_cd_2020_map_with_20_sims,14,0.0685321172020797,0.0404950234206065,0.05010088679834665,1.6923589965676156,1.3678823186886442
CA_cd_2020_map,93906742_CA_cd_2020_map_with_20_sims,15,0.0673256788939114,0.0315817677556084,0.05133304049094935,2.131789436706103,1.31154668124094
CA_cd_2020_map,93906742_CA_cd_2020_map_with_20_sims,16,0.0710342933292652,0.0405140406089308,0.0483375845983647,1.7533253228167667,1.4695457772556626
CA_cd_2020_map,93906742_CA_cd_2020_map_with_20_sims,17,0.0631030908482676,0.036694713513139,0.051264392752579546,1.7196779810168772,1.2309341330312031
CA_cd_2020_map,93906742_CA_cd_2020_map_with_20_sims,18,0.170901872186157,0.0278973623351339,0.041701667327137995,6.126094292825791,4.098202377508776
CA_cd_2020_map,93906742_CA_cd_2020_map_with_20_sims,19,0.131419162784954,0.0219977310034657,0.04242905044759725,5.974214466221501,3.0973863755745743
CA_cd_2020_map,93906742_CA_cd_2020_map_with_20_sims,20,0.110197604888064,0.0284064254158979,0.047253067859074946,3.8793196706260327,2.332073024691466
CA_cd_2020_map,93906742_CA_cd_2020_map_with_20_sims,21,0.096142354018934,0.0329176376838476,0.043685993542231294,2.920694216951972,2.2007592416547217
CA_cd_2020_map,93906742_CA_cd_2020_map_with_20_sims,22,0.0729386302927524,0.0328825225981925,0.04696284735921895,2.2181579918312506,1.5531134587058704
CA_cd_2020_map,93906742_CA_cd_2020_map_with_20_sims,23,0.181997560815593,0.0324944117230977,0.04260234076548035,5.600888003958705,4.272008475249352
CA_cd_2020_map,93906742_CA_cd_2020_map_with_20_sims,24,0.131037766492961,0.0267424213762977,0.04032773481476615,4.89999632602836,3.249321269712899
CA_cd_2020_map,93906742_CA_cd_2020_map_with_20_sims,25,0.0942189858564888,0.0315693098693061,0.04612640639179875,2.984512054477792,2.0426257587940104
CA_cd_2020_map,93906742_CA_cd_2020_map_with_20_sims,26,0.0963354104783364,0.0312169565905677,0.04532452685815335,3.085996234092994,2.125458712008745
CA_cd_2020_map,93906742_CA_cd_2020_map_with_20_sims,27,0.079544050678557,0.0337034676794632,0.0455498623537926,2.360114734633855,1.7463071580925194
CA_cd_2020_map,93906742_CA_cd_2020_map_with_20_sims,28,0.0849000485451302,0.0328775026896009,0.0485416571903302,2.5823143973761713,1.7490142170515517
CA_cd_2020_map,93906742_CA_cd_2020_map_with_20_sims,29,0.0727679818072706,0.0317656979029781,0.051808829083754254,2.2907723302515084,1.4045478945226446
CA_cd_2020_map,93906742_CA_cd_2020_map_with_20_sims,30,0.0966464496265063,0.0268367368146242,0.0419393999345352,3.6012742642332185,2.3044309116812687
CA_cd_2020_map,93906742_CA_cd_2020_map_with_20_sims,31,0.123656809759332,0.0258083250013407,0.04279967569196815,4.791353555603018,2.889199690420496
CA_cd_2020_map,93906742_CA_cd_2020_map_with_20_sims,32,0.114803255747058,0.0167866187690153,0.0399936246685206,6.8389743835108465,2.870538909603281
CA_cd_2020_map,93906742_CA_cd_2020_map_with_20_sims,33,0.0909857057534028,0.0268075193116598,0.04725153098236775,3.3940367512419924,1.9255610106549728
CA_cd_2020_map,93906742_CA_cd_2020_map_with_20_sims,34,0.125358688020182,0.0234480357151444,0.0424332859724612,5.346234095814537,2.9542536041526124
CA_cd_2020_map,93906742_CA_cd_2020_map_with_20_sims,35,0.0962497953111839,0.025577628139069,0.04189074879186705,3.7630461584577284,2.297638454480682
CA_cd_2020_map,93906742_CA_cd_2020_map_with_20_sims,36,0.0817917470074798,0.0203668444404123,0.0474286970185429,4.01592633786641,1.7245202198049463
CA_cd_2020_map,93906742_CA_cd_2020_map_with_20_sims,37,0.137254840087518,0.0179318933987832,0.045086630841307804,7.6542302050954465,3.0442469868865616
CA_cd_2020_map,93906742_CA_cd_2020_map_with_20_sims,38,0.115613981198802,0.0179657124862602,0.0421829429769666,6.435257231641725,2.7407756083289727
CA_cd_2020_map,93906742_CA_cd_2020_map_with_20_sims,39,0.089227189782693,0.0220671420870526,0.050746012531547,4.043441123037181,1.7583093790319706
CA_cd_2020_map,93906742_CA_cd_2020_map_with_20_sims,40,0.0837260819672318,0.0224342773792431,0.04792868099916715,3.7320605674911467,1.7468889237466538
CA_cd_2020_map,93906742_CA_cd_2020_map_with_20_sims,41,0.137013353051839,0.0221991063531357,0.0491301473381722,6.17202111077257,2.7887836791685134
CA_cd_2020_map,93906742_CA_cd_2020_map_with_20_sims,42,0.0977832623913648,0.0294772128159522,0.04716940658466495,3.3172492596873804,2.073022950073633
CA_cd_2020_map,93906742_CA_cd_2020_map_with_20_sims,43,0.0911563030752672,0.0269791053697576,0.040907209794802155,3.378774122638234,2.2283676528544345
CA_cd_2020_map,93906742_CA_cd_2020_map_with_20_sims,44,0.16445611009641,0.0253715436485892,0.0446510884099901,6.481911876321908,3.683137767804448
CA_cd_2020_map,93906742_CA_cd_2020_map_with_20_sims,45,0.127515085514745,0.0191808614283833,0.042391707440073104,6.648037471667031,3.008019568331997
CA_cd_2020_map,93906742_CA_cd_2020_map_with_20_sims,46,0.092931593859712,0.0177730845860933,0.043651014397673105,5.2287825115302216,2.12896756563499
CA_cd_2020_map,93906742_CA_cd_2020_map_with_20_sims,47,0.106077358557308,0.0223009784939915,0.046644042604157,4.756623508062131,2.2741887845684756
CA_cd_2020_map,93906742_CA_cd_2020_map_with_20_sims,48,0.0862542658287032,0.0244994722624378,0.049476336777871305,3.520658114785063,1.7433438173878937
CA_cd_2020_map,93906742_CA_cd_2020_map_with_20_sims,49,0.129858547690695,0.0174377158615582,0.0451685931100966,7.446992984727479,2.874974373768297
CA_cd_2020_map,93906742_CA_cd_2020_map_with_20_sims,50,0.128366291040592,0.0207012726496354,0.0344716167799951,6.200888863847355,3.7238256580726077
CA_cd_2020_map,93906742_CA_cd_2020_map_with_20_sims,51,0.0788567731566693,0.0295343431332921,0.04992607336911605,2.6700026068221336,1.5794707621739303
