filename,progenitor_descendents_count,mean_descendents,max_descendents
7726593_ny_vtd_to_63_with_5000_sims.csv,"(4879, 6, 1, 12, 102)",1000.0,4879
643712_ny_vtd_to_63_with_5000_sims.csv,"(14, 335, 245, 8, 3703, 97, 9, 407, 3, 177, 2)",454.54545454545456,3703
45333770_ny_vtd_to_63_with_5000_sims.csv,"(168, 156, 2266, 3, 422, 209, 402, 1074, 120, 84, 8, 1, 4, 83)",357.14285714285717,2266
39878929_ny_vtd_to_63_with_5000_sims.csv,"(7, 36, 151, 8, 1084, 325, 361, 9, 444, 6, 73, 4, 2492)",384.61538461538464,2492
64450458_ny_vtd_to_63_with_5000_sims.csv,"(1, 1121, 3848, 8, 22)",1000.0,3848
60308744_ny_vtd_to_63_with_5000_sims.csv,"(125, 1584, 33, 16, 602, 276, 85, 30, 44, 2136, 69)",454.54545454545456,2136
18115366_ny_vtd_to_63_with_5000_sims.csv,"(1546, 224, 60, 133, 5, 1, 14, 4, 746, 306, 997, 231, 9, 1, 1, 1, 471, 250)",277.77777777777777,1546
54119307_ny_vtd_to_63_with_5000_sims.csv,"(19, 11, 1377, 2, 960, 201, 21, 213, 1, 2195)",500.0,2195
6119547_ny_vtd_to_63_with_5000_sims.csv,"(17, 258, 298, 15, 13, 1082, 2999, 11, 98, 18, 191)",454.54545454545456,2999
15800000_ny_vtd_to_63_with_5000_sims.csv,"(21, 4285, 348, 22, 324)",1000.0,4285
67814601_ny_vtd_to_63_with_5000_sims.csv,"(4974, 25, 1)",1666.6666666666667,4974
57512456_ny_vtd_to_63_with_5000_sims.csv,"(11, 349, 317, 2, 75, 7, 3412, 794, 33)",555.5555555555555,3412
45117714_ny_vtd_to_63_with_5000_sims.csv,"(18, 6, 18, 569, 11, 2, 978, 2159, 658, 274, 114, 13, 180)",384.61538461538464,2159
48201148_ny_vtd_to_63_with_5000_sims.csv,"(1, 188, 3, 1, 366, 23, 463, 3820, 6, 63, 14, 52)",416.6666666666667,3820
776880_ny_vtd_to_63_with_5000_sims.csv,"(3792, 3, 10, 77, 812, 269, 37)",714.2857142857143,3792
62534192_ny_vtd_to_63_with_5000_sims.csv,"(1003, 97, 832, 515, 21, 58, 385, 6, 1276, 2, 1, 3, 785, 3, 13)",333.3333333333333,1276
23618000_ny_vtd_to_63_with_5000_sims.csv,"(10, 3896, 94, 6, 6, 269, 719)",714.2857142857143,3896
92450228_ny_vtd_to_63_with_5000_sims.csv,"(163, 1188, 30, 2374, 83, 1044, 3, 92, 23)",555.5555555555555,2374
61171182_ny_vtd_to_63_with_5000_sims.csv,"(92, 343, 154, 1166, 1212, 848, 214, 68, 246, 58, 148, 26, 425)",384.61538461538464,1212
76925308_ny_vtd_to_63_with_5000_sims.csv,"(4656, 241, 5, 23, 29, 46)",833.3333333333334,4656
5479516_ny_vtd_to_63_with_5000_sims.csv,"(5, 68, 2818, 526, 23, 146, 83, 1331)",625.0,2818
10100224_ny_vtd_to_63_with_5000_sims.csv,"(3, 3116, 511, 1370)",1250.0,3116
94602666_ny_vtd_to_63_with_5000_sims.csv,"(1472, 3528)",2500.0,3528
26228648_ny_vtd_to_63_with_5000_sims.csv,"(2, 4998)",2500.0,4998
40002121_ny_vtd_to_63_with_5000_sims.csv,"(19, 24, 143, 3407, 264, 2, 339, 2, 1, 166, 71, 13, 549)",384.61538461538464,3407
23552072_ny_vtd_to_63_with_5000_sims.csv,"(189, 4811)",2500.0,4811
60290400_ny_vtd_to_63_with_5000_sims.csv,"(153, 63, 257, 822, 2, 3441, 11, 43, 65, 5, 138)",454.54545454545456,3441
10339872_ny_vtd_to_63_with_5000_sims.csv,"(12, 349, 770, 21, 3449, 18, 7, 2, 257, 115)",500.0,3449
71780104_ny_vtd_to_63_with_5000_sims.csv,"(307, 845, 1, 13, 1139, 2695)",833.3333333333334,2695
24951280_ny_vtd_to_63_with_5000_sims.csv,"(355, 1, 111, 1, 4387, 80, 65)",714.2857142857143,4387
27629519_ny_vtd_to_63_with_5000_sims.csv,"(45, 4955)",2500.0,4955
47095_ny_vtd_to_63_with_5000_sims.csv,"(67, 56, 178, 36, 17, 4646)",833.3333333333334,4646
57731932_ny_vtd_to_63_with_5000_sims.csv,"(645, 877, 4, 43, 230, 743, 1079, 1308, 1, 70)",500.0,1308
84393296_ny_vtd_to_63_with_5000_sims.csv,"(7, 4, 14, 4967, 1, 7)",833.3333333333334,4967
94433789_ny_vtd_to_63_with_5000_sims.csv,"(8, 77, 201, 3301, 1370, 3, 40)",714.2857142857143,3301
4198480_ny_vtd_to_63_with_5000_sims.csv,"(48, 4614, 21, 299, 9, 8, 1)",714.2857142857143,4614
15262360_ny_vtd_to_63_with_5000_sims.csv,"(2, 209, 4178, 496, 115)",1000.0,4178
92025286_ny_vtd_to_63_with_5000_sims.csv,"(2451, 8, 80, 28, 28, 1, 4, 2400)",625.0,2451
44430696_ny_vtd_to_63_with_5000_sims.csv,"(37, 211, 1022, 898, 1078, 1, 360, 1304, 41, 3, 4, 1, 40)",384.61538461538464,1304
71230854_ny_vtd_to_63_with_5000_sims.csv,"(1847, 152, 39, 359, 32, 29, 67, 3, 24, 3, 2365, 40, 31, 9)",357.14285714285717,2365
8068296_ny_vtd_to_63_with_5000_sims.csv,"(1824, 3161, 15)",1666.6666666666667,3161
39044159_ny_vtd_to_63_with_5000_sims.csv,"(348, 1768, 2, 72, 2806, 4)",833.3333333333334,2806
21889375_ny_vtd_to_63_with_5000_sims.csv,"(18, 5, 40, 8, 4928, 1)",833.3333333333334,4928
71859306_ny_vtd_to_63_with_5000_sims.csv,"(20, 4, 2635, 2317, 24)",1000.0,2635
91512550_ny_vtd_to_63_with_5000_sims.csv,"(8, 150, 2, 4695, 14, 4, 1, 58, 31, 6, 31)",454.54545454545456,4695
19638698_ny_vtd_to_63_with_5000_sims.csv,"(92, 177, 2, 127, 833, 13, 4, 48, 68, 3491, 145)",454.54545454545456,3491
15381034_ny_vtd_to_63_with_5000_sims.csv,"(291, 38, 568, 1300, 10, 207, 27, 2556, 3)",555.5555555555555,2556
5417921_ny_vtd_to_63_with_5000_sims.csv,"(3, 1, 88, 1, 11, 385, 6, 42, 33, 4430)",500.0,4430
33323136_ny_vtd_to_63_with_5000_sims.csv,"(32, 4942, 2, 3, 5, 2, 14)",714.2857142857143,4942
67355720_ny_vtd_to_63_with_5000_sims.csv,"(1594, 3406)",2500.0,3406
82000180_ny_vtd_to_63_with_5000_sims.csv,"(15, 107, 3074, 20, 1251, 533)",833.3333333333334,3074
5149608_ny_vtd_to_63_with_5000_sims.csv,"(70, 29, 153, 2, 1763, 275, 349, 87, 164, 1126, 979, 3)",416.6666666666667,1763
52841150_ny_vtd_to_63_with_5000_sims.csv,"(417, 6, 282, 307, 1, 7, 6, 1459, 2515)",555.5555555555555,2515
3451869_ny_vtd_to_63_with_5000_sims.csv,"(40, 108, 329, 117, 1381, 2252, 289, 124, 360)",555.5555555555555,2252
72310534_ny_vtd_to_63_with_5000_sims.csv,"(3, 5, 10, 69, 163, 15, 35, 3380, 7, 34, 4, 270, 978, 27)",357.14285714285717,3380
21973560_ny_vtd_to_63_with_5000_sims.csv,"(116, 294, 6, 4580, 1, 3)",833.3333333333334,4580
53702660_ny_vtd_to_63_with_5000_sims.csv,"(83, 33, 4742, 6, 76, 11, 11, 16, 2, 20)",500.0,4742
62044888_ny_vtd_to_63_with_5000_sims.csv,"(2260, 1880, 222, 539, 31, 65, 3)",714.2857142857143,2260
82067220_ny_vtd_to_63_with_5000_sims.csv,"(1, 4851, 141, 4, 3)",1000.0,4851
39691471_ny_vtd_to_63_with_5000_sims.csv,"(4821, 150, 1, 27, 1)",1000.0,4821
70245195_ny_vtd_to_63_with_5000_sims.csv,"(4838, 7, 55, 10, 17, 34, 38, 1)",625.0,4838
30316862_ny_vtd_to_63_with_5000_sims.csv,"(39, 1022, 3, 2862, 33, 205, 22, 808, 2, 4)",500.0,2862
4337430_ny_vtd_to_63_with_5000_sims.csv,"(56, 205, 9, 37, 23, 3, 4654, 6, 7)",555.5555555555555,4654
93500008_ny_vtd_to_63_with_5000_sims.csv,"(171, 4, 42, 4783)",1250.0,4783
84373958_ny_vtd_to_63_with_5000_sims.csv,"(1, 1160, 3685, 1, 147, 2, 4)",714.2857142857143,3685
49203944_ny_vtd_to_63_with_5000_sims.csv,"(96, 141, 594, 25, 16, 30, 28, 20, 2316, 78, 22, 1618, 16)",384.61538461538464,2316
79462250_ny_vtd_to_63_with_5000_sims.csv,"(7, 43, 4950)",1666.6666666666667,4950
48974554_ny_vtd_to_63_with_5000_sims.csv,"(1, 2343, 72, 4, 2247, 34, 34, 13, 12, 12, 9, 50, 152, 17)",357.14285714285717,2343
31339659_ny_vtd_to_63_with_5000_sims.csv,"(2, 4041, 1, 316, 7, 97, 536)",714.2857142857143,4041
45424016_ny_vtd_to_63_with_5000_sims.csv,"(93, 2516, 24, 781, 12, 609, 35, 11, 181, 5, 101, 632)",416.6666666666667,2516
39747984_ny_vtd_to_63_with_5000_sims.csv,"(44, 616, 772, 1871, 826, 871)",833.3333333333334,1871
29988746_ny_vtd_to_63_with_5000_sims.csv,"(65, 39, 3, 4, 8, 31, 348, 136, 335, 100, 3346, 5, 1, 573, 6)",333.3333333333333,3346
66827073_ny_vtd_to_63_with_5000_sims.csv,"(2, 1791, 1131, 100, 712, 125, 442, 697)",625.0,1791
62367100_ny_vtd_to_63_with_5000_sims.csv,"(4976, 13, 6, 4, 1)",1000.0,4976
19113356_ny_vtd_to_63_with_5000_sims.csv,"(4930, 66, 4)",1666.6666666666667,4930
70717548_ny_vtd_to_63_with_5000_sims.csv,"(2779, 4, 1, 10, 1491, 28, 156, 257, 274)",555.5555555555555,2779
302923_ny_vtd_to_63_with_5000_sims.csv,"(413, 171, 10, 1009, 53, 13, 8, 14, 3309)",555.5555555555555,3309
71971540_ny_vtd_to_63_with_5000_sims.csv,"(723, 644, 4, 39, 5, 88, 1867, 4, 39, 192, 478, 3, 46, 9, 6, 1, 785, 67)",277.77777777777777,1867
52216988_ny_vtd_to_63_with_5000_sims.csv,"(4, 115, 4633, 1, 247)",1000.0,4633
83496765_ny_vtd_to_63_with_5000_sims.csv,"(577, 2, 1, 81, 47, 36, 6, 1, 3, 663, 84, 8, 60, 3389, 42)",333.3333333333333,3389
54001696_ny_vtd_to_63_with_5000_sims.csv,"(9, 4991)",2500.0,4991
27896212_ny_vtd_to_63_with_5000_sims.csv,"(1, 1178, 423, 214, 208, 2406, 66, 63, 441)",555.5555555555555,2406
64161739_ny_vtd_to_63_with_5000_sims.csv,"(138, 15, 237, 373, 4032, 67, 28, 57, 17, 13, 23)",454.54545454545456,4032
61369569_ny_vtd_to_63_with_5000_sims.csv,"(81, 405, 1, 6, 713, 3787, 7)",714.2857142857143,3787
12828911_ny_vtd_to_63_with_5000_sims.csv,"(3688, 584, 302, 181, 32, 8, 205)",714.2857142857143,3688
18220944_ny_vtd_to_63_with_5000_sims.csv,"(6, 2, 558, 5, 48, 4, 652, 28, 3305, 304, 88)",454.54545454545456,3305
96680504_ny_vtd_to_63_with_5000_sims.csv,"(10, 16, 4045, 16, 4, 28, 880, 1)",625.0,4045
6101528_ny_vtd_to_63_with_5000_sims.csv,"(3, 4985, 5, 7)",1250.0,4985
84067615_ny_vtd_to_63_with_5000_sims.csv,"(10, 4, 4957, 29)",1250.0,4957
17844080_ny_vtd_to_63_with_5000_sims.csv,"(274, 777, 48, 17, 3884)",1000.0,3884
25667134_ny_vtd_to_63_with_5000_sims.csv,"(175, 168, 31, 32, 457, 3558, 17, 2, 19, 2, 1, 38, 185, 8, 224, 74, 3, 6)",277.77777777777777,3558
84689658_ny_vtd_to_63_with_5000_sims.csv,"(522, 3, 3758, 78, 76, 563)",833.3333333333334,3758
6579800_ny_vtd_to_63_with_5000_sims.csv,"(140, 5, 309, 66, 137, 191, 3814, 86, 252)",555.5555555555555,3814
36636940_ny_vtd_to_63_with_5000_sims.csv,"(4945, 17, 38)",1666.6666666666667,4945
90558240_ny_vtd_to_63_with_5000_sims.csv,"(8, 110, 124, 4473, 55, 146, 51, 11, 3, 19)",500.0,4473
8601224_ny_vtd_to_63_with_5000_sims.csv,"(2268, 38, 179, 593, 21, 1134, 85, 3, 532, 2, 2, 143)",416.6666666666667,2268
92841589_ny_vtd_to_63_with_5000_sims.csv,"(23, 861, 8, 3185, 3, 100, 631, 188, 1)",555.5555555555555,3185
1273544_ny_vtd_to_63_with_5000_sims.csv,"(51, 26, 264, 621, 8, 3672, 348, 2, 8)",555.5555555555555,3672
18557510_ny_vtd_to_63_with_5000_sims.csv,"(659, 1523, 31, 349, 259, 2107, 11, 17, 44)",555.5555555555555,2107
31313629_ny_vtd_to_63_with_5000_sims.csv,"(2, 21, 92, 6, 3, 1945, 5, 2855, 14, 57)",500.0,2855
3544660_ny_vtd_to_63_with_5000_sims.csv,"(3, 86, 1058, 3210, 9, 89, 2, 271, 5, 267)",500.0,3210
83770649_ny_vtd_to_63_with_5000_sims.csv,"(26, 360, 5, 414, 127, 156, 3855, 24, 28, 5)",500.0,3855
12580624_ny_vtd_to_63_with_5000_sims.csv,"(4, 1136, 3250, 575, 11, 1, 23)",714.2857142857143,3250
20645286_ny_vtd_to_63_with_5000_sims.csv,"(379, 22, 90, 255, 2901, 1353)",833.3333333333334,2901
598899_ny_vtd_to_63_with_5000_sims.csv,"(4971, 29)",2500.0,4971
28603861_ny_vtd_to_63_with_5000_sims.csv,"(3404, 1, 1, 60, 9, 28, 19, 2, 1, 1470, 3, 2)",416.6666666666667,3404
65126580_ny_vtd_to_63_with_5000_sims.csv,"(4996, 4)",2500.0,4996
40818505_ny_vtd_to_63_with_5000_sims.csv,"(3304, 93, 4, 3, 2, 1, 67, 33, 303, 1190)",500.0,3304
54824634_ny_vtd_to_63_with_5000_sims.csv,"(201, 7, 106, 487, 390, 3802, 7)",714.2857142857143,3802
69566733_ny_vtd_to_63_with_5000_sims.csv,"(1201, 538, 36, 15, 107, 899, 72, 190, 398, 1029, 1, 178, 1, 109, 226)",333.3333333333333,1201
5804184_ny_vtd_to_63_with_5000_sims.csv,"(327, 2266, 276, 1467, 8, 447, 209)",714.2857142857143,2266
54696554_ny_vtd_to_63_with_5000_sims.csv,"(1, 2299, 2466, 211, 13, 10)",833.3333333333334,2466
58631650_ny_vtd_to_63_with_5000_sims.csv,"(5, 3096, 1113, 61, 37, 680, 6, 2)",625.0,3096
5152362_ny_vtd_to_63_with_5000_sims.csv,"(79, 52, 2945, 1924)",1250.0,2945
93733067_ny_vtd_to_63_with_5000_sims.csv,"(2223, 2696, 5, 47, 20, 9)",833.3333333333334,2696
8251572_ny_vtd_to_63_with_5000_sims.csv,"(14, 1109, 169, 201, 1, 859, 2, 2405, 19, 221)",500.0,2405
45495644_ny_vtd_to_63_with_5000_sims.csv,"(121, 672, 1646, 2513, 48)",1000.0,2513
10426200_ny_vtd_to_63_with_5000_sims.csv,"(149, 1, 416, 99, 20, 2194, 1937, 107, 3, 74)",500.0,2194
42632840_ny_vtd_to_63_with_5000_sims.csv,"(193, 32, 4, 244, 3, 3110, 44, 3, 199, 3, 930, 136, 27, 72)",357.14285714285717,3110
33824313_ny_vtd_to_63_with_5000_sims.csv,"(7, 3, 5, 45, 42, 8, 4890)",714.2857142857143,4890
9797330_ny_vtd_to_63_with_5000_sims.csv,"(2, 2, 4996)",1666.6666666666667,4996
76145200_ny_vtd_to_63_with_5000_sims.csv,"(119, 59, 33, 3977, 14, 576, 13, 144, 1, 22, 42)",454.54545454545456,3977
49696598_ny_vtd_to_63_with_5000_sims.csv,"(50, 31, 2, 1518, 118, 1939, 130, 1212)",625.0,1939
77734655_ny_vtd_to_63_with_5000_sims.csv,"(15, 1485, 481, 79, 676, 180, 42, 2, 1855, 185)",500.0,1855
67500360_ny_vtd_to_63_with_5000_sims.csv,"(4283, 2, 33, 12, 670)",1000.0,4283
25317925_ny_vtd_to_63_with_5000_sims.csv,"(718, 37, 21, 4146, 34, 18, 26)",714.2857142857143,4146
66913230_ny_vtd_to_63_with_5000_sims.csv,"(1046, 517, 41, 1964, 139, 719, 146, 2, 1, 52, 4, 33, 7, 35, 290, 4)",312.5,1964
23027648_ny_vtd_to_63_with_5000_sims.csv,"(2, 4884, 7, 4, 11, 92)",833.3333333333334,4884
11619930_ny_vtd_to_63_with_5000_sims.csv,"(21, 664, 2310, 20, 2, 2, 1567, 39, 375)",555.5555555555555,2310
59238928_ny_vtd_to_63_with_5000_sims.csv,"(33, 1, 440, 223, 1348, 440, 19, 365, 375, 79, 41, 324, 134, 1178)",357.14285714285717,1348
551064_ny_vtd_to_63_with_5000_sims.csv,"(3, 46, 3, 3, 63, 10, 4, 435, 52, 1, 4380)",454.54545454545456,4380
39076710_ny_vtd_to_63_with_5000_sims.csv,"(23, 15, 27, 102, 18, 239, 17, 4559)",625.0,4559
45710585_ny_vtd_to_63_with_5000_sims.csv,"(64, 23, 1, 24, 44, 4844)",833.3333333333334,4844
60773012_ny_vtd_to_63_with_5000_sims.csv,"(237, 99, 4664)",1666.6666666666667,4664
84454150_ny_vtd_to_63_with_5000_sims.csv,"(1, 1419, 283, 496, 963, 15, 1, 1822)",625.0,1822
47377512_ny_vtd_to_63_with_5000_sims.csv,"(8, 101, 16, 157, 1440, 1027, 345, 390, 1516)",555.5555555555555,1516
54183500_ny_vtd_to_63_with_5000_sims.csv,"(2290, 237, 166, 25, 29, 847, 151, 1254, 1)",555.5555555555555,2290
53400000_ny_vtd_to_63_with_5000_sims.csv,"(3934, 2, 10, 5, 1, 195, 6, 229, 618)",555.5555555555555,3934
469536_ny_vtd_to_63_with_5000_sims.csv,"(54, 4401, 32, 4, 507, 2)",833.3333333333334,4401
13963256_ny_vtd_to_63_with_5000_sims.csv,"(1, 9, 3, 1251, 10, 8, 197, 286, 3059, 49, 42, 58, 27)",384.61538461538464,3059
95830972_ny_vtd_to_63_with_5000_sims.csv,"(43, 25, 158, 1936, 121, 2717)",833.3333333333334,2717
54125168_ny_vtd_to_63_with_5000_sims.csv,"(36, 955, 1, 4008)",1250.0,4008
675978_ny_vtd_to_63_with_5000_sims.csv,"(126, 98, 251, 15, 491, 5, 531, 3483)",625.0,3483
15064448_ny_vtd_to_63_with_5000_sims.csv,"(1447, 710, 1, 30, 724, 2088)",833.3333333333334,2088
50546722_ny_vtd_to_63_with_5000_sims.csv,"(75, 32, 405, 21, 1389, 1873, 48, 20, 938, 85, 1, 69, 44)",384.61538461538464,1873
71239588_ny_vtd_to_63_with_5000_sims.csv,"(268, 2, 3945, 11, 597, 158, 19)",714.2857142857143,3945
39406948_ny_vtd_to_63_with_5000_sims.csv,"(119, 1, 817, 174, 41, 46, 1, 12, 71, 5, 1571, 23, 7, 3, 104, 2005)",312.5,2005
81661000_ny_vtd_to_63_with_5000_sims.csv,"(268, 1, 66, 199, 3, 251, 491, 3720, 1)",555.5555555555555,3720
69561384_ny_vtd_to_63_with_5000_sims.csv,"(26, 1, 367, 340, 1673, 2433, 145, 15)",625.0,2433
74087745_ny_vtd_to_63_with_5000_sims.csv,"(5, 3, 6, 40, 6, 91, 4849)",714.2857142857143,4849
49258050_ny_vtd_to_63_with_5000_sims.csv,"(78, 542, 118, 721, 92, 2842, 83, 289, 235)",555.5555555555555,2842
17214200_ny_vtd_to_63_with_5000_sims.csv,"(22, 3094, 15, 6, 1543, 248, 47, 24, 1)",555.5555555555555,3094
7643038_ny_vtd_to_63_with_5000_sims.csv,"(66, 1143, 217, 33, 3541)",1000.0,3541
31739596_ny_vtd_to_63_with_5000_sims.csv,"(3116, 1496, 18, 3, 7, 356, 1, 3)",625.0,3116
80584641_ny_vtd_to_63_with_5000_sims.csv,"(2784, 9, 1144, 539, 4, 1, 4, 515)",625.0,2784
45331164_ny_vtd_to_63_with_5000_sims.csv,"(27, 340, 4617, 16)",1250.0,4617
27636890_ny_vtd_to_63_with_5000_sims.csv,"(2, 1, 591, 4406)",1250.0,4406
35773445_ny_vtd_to_63_with_5000_sims.csv,"(212, 45, 45, 65, 703, 1, 936, 2993)",625.0,2993
49684884_ny_vtd_to_63_with_5000_sims.csv,"(1103, 4, 40, 16, 151, 4, 83, 182, 22, 419, 2976)",454.54545454545456,2976
23137065_ny_vtd_to_63_with_5000_sims.csv,"(362, 987, 29, 179, 332, 2132, 4, 14, 60, 391, 510)",454.54545454545456,2132
61211582_ny_vtd_to_63_with_5000_sims.csv,"(56, 1, 16, 421, 181, 137, 489, 348, 1195, 86, 2, 8, 27, 2033)",357.14285714285717,2033
2310684_ny_vtd_to_63_with_5000_sims.csv,"(1, 11, 9, 36, 9, 2698, 1224, 42, 1, 117, 82, 13, 517, 240)",357.14285714285717,2698
60244614_ny_vtd_to_63_with_5000_sims.csv,"(2, 5, 15, 4, 4974)",1000.0,4974
81521625_ny_vtd_to_63_with_5000_sims.csv,"(1664, 106, 32, 374, 761, 29, 73, 230, 138, 772, 820, 1)",416.6666666666667,1664
10248600_ny_vtd_to_63_with_5000_sims.csv,"(8, 4248, 100, 389, 49, 1, 26, 4, 175)",555.5555555555555,4248
13505372_ny_vtd_to_63_with_5000_sims.csv,"(4, 48, 66, 676, 2933, 6, 68, 325, 23, 832, 2, 17)",416.6666666666667,2933
60007748_ny_vtd_to_63_with_5000_sims.csv,"(25, 4911, 2, 7, 1, 49, 1, 4)",625.0,4911
1463220_ny_vtd_to_63_with_5000_sims.csv,"(977, 2, 82, 1204, 1275, 1135, 76, 158, 9, 26, 55, 1)",416.6666666666667,1275
2785920_ny_vtd_to_63_with_5000_sims.csv,"(448, 498, 28, 140, 5, 30, 20, 51, 4, 20, 94, 3175, 241, 246)",357.14285714285717,3175
18550749_ny_vtd_to_63_with_5000_sims.csv,"(272, 54, 4410, 116, 16, 45, 1, 86)",625.0,4410
9289916_ny_vtd_to_63_with_5000_sims.csv,"(227, 33, 4734, 6)",1250.0,4734
70353408_ny_vtd_to_63_with_5000_sims.csv,"(5000,)",5000.0,5000
35911606_ny_vtd_to_63_with_5000_sims.csv,"(1, 75, 9, 3193, 41, 83, 182, 1416)",625.0,3193
60342920_ny_vtd_to_63_with_5000_sims.csv,"(3946, 776, 77, 12, 86, 103)",833.3333333333334,3946
54216500_ny_vtd_to_63_with_5000_sims.csv,"(304, 182, 323, 1, 45, 76, 66, 2, 38, 787, 172, 2991, 13)",384.61538461538464,2991
54030212_ny_vtd_to_63_with_5000_sims.csv,"(22, 2523, 15, 2280, 72, 88)",833.3333333333334,2523
33196979_ny_vtd_to_63_with_5000_sims.csv,"(11, 4989)",2500.0,4989
59287059_ny_vtd_to_63_with_5000_sims.csv,"(713, 1489, 2609, 41, 2, 8, 1, 137)",625.0,2609
39812700_ny_vtd_to_63_with_5000_sims.csv,"(168, 918, 2280, 27, 1599, 7, 1)",714.2857142857143,2280
47500496_ny_vtd_to_63_with_5000_sims.csv,"(10, 5, 49, 2525, 41, 2365, 5)",714.2857142857143,2525
77641836_ny_vtd_to_63_with_5000_sims.csv,"(161, 134, 149, 3826, 243, 12, 475)",714.2857142857143,3826
7361772_ny_vtd_to_63_with_5000_sims.csv,"(267, 137, 36, 292, 23, 972, 13, 127, 3115, 18)",500.0,3115
40204192_ny_vtd_to_63_with_5000_sims.csv,"(193, 4, 4505, 153, 56, 89)",833.3333333333334,4505
95102144_ny_vtd_to_63_with_5000_sims.csv,"(2, 11, 41, 3863, 7, 1, 896, 179)",625.0,3863
13887596_ny_vtd_to_63_with_5000_sims.csv,"(3, 64, 25, 55, 4364, 93, 357, 39)",625.0,4364
1612020_ny_vtd_to_63_with_5000_sims.csv,"(25, 22, 69, 4871, 13)",1000.0,4871
65150400_ny_vtd_to_63_with_5000_sims.csv,"(2, 1238, 70, 2705, 5, 286, 110, 8, 570, 6)",500.0,2705
21660570_ny_vtd_to_63_with_5000_sims.csv,"(4972, 8, 7, 13)",1250.0,4972
4402188_ny_vtd_to_63_with_5000_sims.csv,"(273, 1, 407, 2746, 9, 10, 3, 10, 600, 20, 8, 74, 15, 3, 9, 15, 183, 614)",277.77777777777777,2746
51924273_ny_vtd_to_63_with_5000_sims.csv,"(254, 2756, 2, 49, 1920, 19)",833.3333333333334,2756
20825488_ny_vtd_to_63_with_5000_sims.csv,"(63, 29, 2, 295, 2825, 318, 112, 830, 470, 8, 48)",454.54545454545456,2825
6458712_ny_vtd_to_63_with_5000_sims.csv,"(432, 10, 91, 4467)",1250.0,4467
4669840_ny_vtd_to_63_with_5000_sims.csv,"(183, 145, 134, 96, 316, 3833, 264, 29)",625.0,3833
9595758_ny_vtd_to_63_with_5000_sims.csv,"(8, 767, 2598, 28, 1599)",1000.0,2598
54735365_ny_vtd_to_63_with_5000_sims.csv,"(38, 7, 9, 2164, 27, 562, 36, 23, 1714, 118, 167, 40, 95)",384.61538461538464,2164
29739199_ny_vtd_to_63_with_5000_sims.csv,"(449, 2, 655, 2, 1195, 321, 52, 547, 1, 1776)",500.0,1776
537106_ny_vtd_to_63_with_5000_sims.csv,"(152, 5, 21, 5, 636, 1, 98, 284, 2235, 1, 354, 101, 48, 606, 65, 276, 31, 29, 15, 37)",250.0,2235
60324134_ny_vtd_to_63_with_5000_sims.csv,"(1, 282, 13, 8, 14, 4682)",833.3333333333334,4682
65450088_ny_vtd_to_63_with_5000_sims.csv,"(355, 56, 93, 3638, 858)",1000.0,3638
17681105_ny_vtd_to_63_with_5000_sims.csv,"(127, 75, 11, 237, 98, 4426, 24, 2)",625.0,4426
94216574_ny_vtd_to_63_with_5000_sims.csv,"(288, 662, 54, 50, 3881, 65)",833.3333333333334,3881
98972888_ny_vtd_to_63_with_5000_sims.csv,"(68, 54, 21, 2087, 2770)",1000.0,2770
56265264_ny_vtd_to_63_with_5000_sims.csv,"(320, 4, 9, 1512, 908, 44, 79, 270, 28, 253, 1572, 1)",416.6666666666667,1572
64889767_ny_vtd_to_63_with_5000_sims.csv,"(7, 126, 1, 1983, 574, 96, 2121, 92)",625.0,2121
92585570_ny_vtd_to_63_with_5000_sims.csv,"(1, 4322, 1, 3, 37, 105, 11, 15, 101, 1, 97, 17, 168, 93, 28)",333.3333333333333,4322
31804592_ny_vtd_to_63_with_5000_sims.csv,"(3, 2, 4772, 222, 1)",1000.0,4772
57244240_ny_vtd_to_63_with_5000_sims.csv,"(2, 8, 15, 2, 1, 4474, 487, 11)",625.0,4474
90223452_ny_vtd_to_63_with_5000_sims.csv,"(629, 9, 2491, 208, 993, 670)",833.3333333333334,2491
1788040_ny_vtd_to_63_with_5000_sims.csv,"(26, 17, 78, 5, 4874)",1000.0,4874
17120820_ny_vtd_to_63_with_5000_sims.csv,"(162, 59, 245, 12, 631, 2717, 15, 62, 40, 1015, 42)",454.54545454545456,2717
24869740_ny_vtd_to_63_with_5000_sims.csv,"(60, 38, 1588, 5, 46, 177, 12, 104, 2884, 51, 35)",454.54545454545456,2884
24383840_ny_vtd_to_63_with_5000_sims.csv,"(3340, 1660)",2500.0,3340
20125342_ny_vtd_to_63_with_5000_sims.csv,"(182, 60, 1, 1727, 1226, 2, 1650, 125, 27)",555.5555555555555,1727
86807775_ny_vtd_to_63_with_5000_sims.csv,"(4997, 3)",2500.0,4997
87717486_ny_vtd_to_63_with_5000_sims.csv,"(321, 6, 2, 18, 2, 6, 342, 4, 3790, 14, 9, 486)",416.6666666666667,3790
63771540_ny_vtd_to_63_with_5000_sims.csv,"(231, 299, 1, 483, 2, 8, 3976)",714.2857142857143,3976
15113304_ny_vtd_to_63_with_5000_sims.csv,"(102, 1545, 93, 691, 1299, 6, 1229, 1, 32, 2)",500.0,1545
73479530_ny_vtd_to_63_with_5000_sims.csv,"(724, 52, 1, 28, 129, 51, 1518, 102, 7, 338, 1, 321, 1721, 7)",357.14285714285717,1721
54086211_ny_vtd_to_63_with_5000_sims.csv,"(1, 5, 12, 4980, 2)",1000.0,4980
7988968_ny_vtd_to_63_with_5000_sims.csv,"(1, 314, 12, 52, 58, 92, 49, 25, 1, 902, 582, 2912)",416.6666666666667,2912
88956142_ny_vtd_to_63_with_5000_sims.csv,"(555, 317, 2, 270, 47, 107, 324, 89, 5, 85, 734, 17, 271, 2177)",357.14285714285717,2177
8407136_ny_vtd_to_63_with_5000_sims.csv,"(89, 3, 1, 195, 373, 73, 1, 28, 93, 34, 225, 3884, 1)",384.61538461538464,3884
64331840_ny_vtd_to_63_with_5000_sims.csv,"(4861, 10, 14, 107, 7, 1)",833.3333333333334,4861
11655179_ny_vtd_to_63_with_5000_sims.csv,"(3064, 9, 171, 1688, 68)",1000.0,3064
63226284_ny_vtd_to_63_with_5000_sims.csv,"(4513, 3, 484)",1666.6666666666667,4513
6068640_ny_vtd_to_63_with_5000_sims.csv,"(7, 22, 4961, 6, 4)",1000.0,4961
48842208_ny_vtd_to_63_with_5000_sims.csv,"(2, 19, 217, 97, 294, 831, 1312, 1837, 391)",555.5555555555555,1837
33048585_ny_vtd_to_63_with_5000_sims.csv,"(2252, 689, 1089, 585, 44, 9, 47, 4, 1, 276, 4)",454.54545454545456,2252
57144858_ny_vtd_to_63_with_5000_sims.csv,"(38, 102, 4860)",1666.6666666666667,4860
54173902_ny_vtd_to_63_with_5000_sims.csv,"(2240, 73, 42, 409, 440, 3, 11, 36, 1637, 1, 80, 28)",416.6666666666667,2240
14548992_ny_vtd_to_63_with_5000_sims.csv,"(9, 8, 3413, 533, 3, 47, 57, 215, 708, 6, 1)",454.54545454545456,3413
44786940_ny_vtd_to_63_with_5000_sims.csv,"(11, 4400, 502, 39, 9, 32, 7)",714.2857142857143,4400
95206714_ny_vtd_to_63_with_5000_sims.csv,"(18, 40, 172, 123, 11, 323, 158, 935, 5, 3215)",500.0,3215
54836384_ny_vtd_to_63_with_5000_sims.csv,"(25, 17, 1804, 633, 126, 407, 162, 1, 3, 581, 52, 56, 1133)",384.61538461538464,1804
6824701_ny_vtd_to_63_with_5000_sims.csv,"(337, 163, 43, 4456, 1)",1000.0,4456
57014242_ny_vtd_to_63_with_5000_sims.csv,"(414, 17, 37, 28, 411, 4, 3996, 93)",625.0,3996
9461053_ny_vtd_to_63_with_5000_sims.csv,"(12, 645, 10, 2, 2834, 2, 41, 392, 387, 45, 10, 620)",416.6666666666667,2834
20877708_ny_vtd_to_63_with_5000_sims.csv,"(828, 3392, 450, 329, 1)",1000.0,3392
56973153_ny_vtd_to_63_with_5000_sims.csv,"(1105, 2, 205, 235, 9, 2561, 52, 448, 257, 88, 38)",454.54545454545456,2561
78906983_ny_vtd_to_63_with_5000_sims.csv,"(4, 529, 44, 2003, 22, 2398)",833.3333333333334,2398
97968836_ny_vtd_to_63_with_5000_sims.csv,"(8, 7, 1313, 25, 130, 312, 7, 57, 36, 564, 2541)",454.54545454545456,2541
66212864_ny_vtd_to_63_with_5000_sims.csv,"(2, 4, 40, 5, 45, 2033, 142, 18, 11, 2547, 60, 92, 1)",384.61538461538464,2547
57294549_ny_vtd_to_63_with_5000_sims.csv,"(3763, 19, 2, 11, 1, 935, 14, 2, 16, 30, 4, 164, 39)",384.61538461538464,3763
11864076_ny_vtd_to_63_with_5000_sims.csv,"(41, 327, 114, 1834, 53, 2631)",833.3333333333334,2631
5330042_ny_vtd_to_63_with_5000_sims.csv,"(5000,)",5000.0,5000
17144474_ny_vtd_to_63_with_5000_sims.csv,"(107, 4879, 14)",1666.6666666666667,4879
54338275_ny_vtd_to_63_with_5000_sims.csv,"(237, 80, 7, 14, 3, 1521, 622, 1067, 211, 613, 51, 99, 4, 419, 52)",333.3333333333333,1521
85662161_ny_vtd_to_63_with_5000_sims.csv,"(172, 4787, 41)",1666.6666666666667,4787
34733509_ny_vtd_to_63_with_5000_sims.csv,"(77, 30, 25, 199, 825, 22, 73, 5, 2942, 444, 358)",454.54545454545456,2942
58611204_ny_vtd_to_63_with_5000_sims.csv,"(1816, 28, 130, 954, 318, 1, 519, 1233, 1)",555.5555555555555,1816
96887648_ny_vtd_to_63_with_5000_sims.csv,"(115, 568, 24, 1, 4292)",1000.0,4292
63170800_ny_vtd_to_63_with_5000_sims.csv,"(3370, 71, 302, 720, 77, 441, 7, 12)",625.0,3370
12441450_ny_vtd_to_63_with_5000_sims.csv,"(61, 367, 33, 1865, 2674)",1000.0,2674
51400320_ny_vtd_to_63_with_5000_sims.csv,"(32, 11, 59, 4865, 8, 1, 19, 5)",625.0,4865
33255516_ny_vtd_to_63_with_5000_sims.csv,"(305, 195, 15, 391, 263, 22, 470, 1, 2778, 560)",500.0,2778
22024640_ny_vtd_to_63_with_5000_sims.csv,"(916, 124, 171, 784, 3, 2636, 2, 11, 3, 1, 126, 4, 3, 216)",357.14285714285717,2636
49203626_ny_vtd_to_63_with_5000_sims.csv,"(318, 2, 120, 3870, 11, 6, 70, 33, 51, 362, 1, 9, 147)",384.61538461538464,3870
10918010_ny_vtd_to_63_with_5000_sims.csv,"(4, 108, 122, 2080, 2, 2684)",833.3333333333334,2684
27950234_ny_vtd_to_63_with_5000_sims.csv,"(2788, 15, 3, 32, 18, 21, 289, 116, 341, 41, 1, 30, 284, 30, 24, 33, 1, 932, 1)",263.1578947368421,2788
2399527_ny_vtd_to_63_with_5000_sims.csv,"(4465, 15, 3, 1, 3, 23, 10, 480)",625.0,4465
70727040_ny_vtd_to_63_with_5000_sims.csv,"(2, 70, 1, 32, 313, 897, 2439, 254, 393, 5, 591, 3)",416.6666666666667,2439
744323_ny_vtd_to_63_with_5000_sims.csv,"(2, 265, 1018, 30, 8, 778, 180, 86, 99, 2213, 6, 314, 1)",384.61538461538464,2213
15560778_ny_vtd_to_63_with_5000_sims.csv,"(3, 4940, 57)",1666.6666666666667,4940
17011664_ny_vtd_to_63_with_5000_sims.csv,"(152, 1409, 229, 141, 1083, 1136, 850)",714.2857142857143,1409
94308590_ny_vtd_to_63_with_5000_sims.csv,"(4942, 58)",2500.0,4942
87546281_ny_vtd_to_63_with_5000_sims.csv,"(1, 132, 11, 8, 17, 2, 3, 122, 4689, 15)",500.0,4689
37527896_ny_vtd_to_63_with_5000_sims.csv,"(13, 75, 1, 2, 4404, 191, 167, 3, 2, 1, 3, 1, 82, 55)",357.14285714285717,4404
46148150_ny_vtd_to_63_with_5000_sims.csv,"(1354, 2872, 406, 2, 132, 157, 77)",714.2857142857143,2872
80654594_ny_vtd_to_63_with_5000_sims.csv,"(210, 10, 397, 1792, 1, 1643, 2, 931, 14)",555.5555555555555,1792
57713880_ny_vtd_to_63_with_5000_sims.csv,"(1, 2, 9, 803, 1188, 2997)",833.3333333333334,2997
38459862_ny_vtd_to_63_with_5000_sims.csv,"(275, 38, 1205, 431, 1, 2991, 2, 10, 46, 1)",500.0,2991
55424250_ny_vtd_to_63_with_5000_sims.csv,"(155, 6, 324, 9, 112, 789, 21, 176, 500, 703, 2, 2084, 93, 26)",357.14285714285717,2084
84560573_ny_vtd_to_63_with_5000_sims.csv,"(22, 5, 1044, 61, 592, 40, 198, 170, 2, 2866)",500.0,2866
28602280_ny_vtd_to_63_with_5000_sims.csv,"(2220, 168, 5, 491, 1457, 25, 10, 352, 272)",555.5555555555555,2220
8376522_ny_vtd_to_63_with_5000_sims.csv,"(471, 357, 3, 4075, 94)",1000.0,4075
79378260_ny_vtd_to_63_with_5000_sims.csv,"(883, 155, 854, 353, 21, 7, 1614, 59, 661, 1, 392)",454.54545454545456,1614
4777972_ny_vtd_to_63_with_5000_sims.csv,"(48, 38, 1436, 543, 1, 2872, 62)",714.2857142857143,2872
41671842_ny_vtd_to_63_with_5000_sims.csv,"(19, 4972, 9)",1666.6666666666667,4972
23848775_ny_vtd_to_63_with_5000_sims.csv,"(1944, 2112, 811, 70, 6, 57)",833.3333333333334,2112
28427950_ny_vtd_to_63_with_5000_sims.csv,"(1216, 59, 1249, 86, 8, 5, 922, 1212, 1, 92, 7, 42, 59, 42)",357.14285714285717,1249
85589576_ny_vtd_to_63_with_5000_sims.csv,"(4682, 1, 99, 8, 210)",1000.0,4682
17590764_ny_vtd_to_63_with_5000_sims.csv,"(4, 2, 1, 10, 6, 4977)",833.3333333333334,4977
60178176_ny_vtd_to_63_with_5000_sims.csv,"(7, 100, 85, 31, 20, 42, 662, 1962, 424, 97, 748, 110, 1, 642, 69)",333.3333333333333,1962
97404435_ny_vtd_to_63_with_5000_sims.csv,"(46, 9, 6, 4895, 44)",1000.0,4895
51911903_ny_vtd_to_63_with_5000_sims.csv,"(1906, 8, 255, 8, 1618, 1067, 3, 30, 6, 1, 9, 5, 4, 4, 76)",333.3333333333333,1906
12029526_ny_vtd_to_63_with_5000_sims.csv,"(2480, 1895, 3, 324, 4, 282, 12)",714.2857142857143,2480
77857990_ny_vtd_to_63_with_5000_sims.csv,"(10, 4600, 1, 14, 8, 5, 4, 306, 36, 16)",500.0,4600
64591459_ny_vtd_to_63_with_5000_sims.csv,"(2, 1, 6, 34, 1568, 3389)",833.3333333333334,3389
60807712_ny_vtd_to_63_with_5000_sims.csv,"(449, 32, 2631, 115, 1097, 26, 12, 55, 570, 7, 3, 3)",416.6666666666667,2631
44149696_ny_vtd_to_63_with_5000_sims.csv,"(3946, 2, 985, 67)",1250.0,3946
20831392_ny_vtd_to_63_with_5000_sims.csv,"(264, 98, 3, 2, 1, 18, 66, 247, 666, 62, 61, 9, 3503)",384.61538461538464,3503
70947226_ny_vtd_to_63_with_5000_sims.csv,"(66, 13, 4, 4523, 394)",1000.0,4523
5015829_ny_vtd_to_63_with_5000_sims.csv,"(1, 112, 2, 5, 49, 3, 2, 43, 15, 21, 11, 2, 3940, 755, 4, 35)",312.5,3940
36728868_ny_vtd_to_63_with_5000_sims.csv,"(64, 9, 40, 2253, 1, 130, 2, 4, 169, 2328)",500.0,2328
1784415_ny_vtd_to_63_with_5000_sims.csv,"(4, 174, 95, 3, 4724)",1000.0,4724
21716198_ny_vtd_to_63_with_5000_sims.csv,"(29, 628, 65, 64, 3087, 8, 21, 1010, 88)",555.5555555555555,3087
3744464_ny_vtd_to_63_with_5000_sims.csv,"(1584, 293, 263, 2, 2255, 14, 181, 123, 285)",555.5555555555555,2255
30446143_ny_vtd_to_63_with_5000_sims.csv,"(4009, 9, 4, 872, 89, 17)",833.3333333333334,4009
83903828_ny_vtd_to_63_with_5000_sims.csv,"(425, 2, 1, 268, 16, 2405, 1227, 656)",625.0,2405
6714798_ny_vtd_to_63_with_5000_sims.csv,"(4, 3, 4956, 13, 24)",1000.0,4956
349588_ny_vtd_to_63_with_5000_sims.csv,"(2, 1, 4, 1, 4710, 56, 226)",714.2857142857143,4710
30574434_ny_vtd_to_63_with_5000_sims.csv,"(28, 906, 822, 3244)",1250.0,3244
16314381_ny_vtd_to_63_with_5000_sims.csv,"(2, 98, 23, 195, 4431, 159, 70, 1, 21)",555.5555555555555,4431
58088920_ny_vtd_to_63_with_5000_sims.csv,"(163, 280, 5, 477, 200, 434, 25, 2786, 114, 196, 211, 50, 59)",384.61538461538464,2786
12949010_ny_vtd_to_63_with_5000_sims.csv,"(2665, 1974, 2, 34, 325)",1000.0,2665
88165420_ny_vtd_to_63_with_5000_sims.csv,"(1, 5, 869, 241, 3, 647, 3234)",714.2857142857143,3234
2283214_ny_vtd_to_63_with_5000_sims.csv,"(1601, 66, 27, 1, 1, 122, 7, 1992, 436, 697, 50)",454.54545454545456,1992
73532697_ny_vtd_to_63_with_5000_sims.csv,"(707, 10, 1, 2, 411, 308, 21, 20, 421, 4, 1021, 77, 10, 1234, 753)",333.3333333333333,1234
97289419_ny_vtd_to_63_with_5000_sims.csv,"(90, 385, 453, 100, 3602, 88, 1, 281)",625.0,3602
37853780_ny_vtd_to_63_with_5000_sims.csv,"(3385, 1, 1191, 11, 75, 207, 119, 5, 6)",555.5555555555555,3385
24946465_ny_vtd_to_63_with_5000_sims.csv,"(1, 23, 842, 2, 500, 51, 1823, 1738, 20)",555.5555555555555,1823
1571744_ny_vtd_to_63_with_5000_sims.csv,"(180, 18, 4802)",1666.6666666666667,4802
9548056_ny_vtd_to_63_with_5000_sims.csv,"(14, 12, 24, 271, 2539, 297, 1788, 55)",625.0,2539
66527642_ny_vtd_to_63_with_5000_sims.csv,"(4977, 5, 18)",1666.6666666666667,4977
95977448_ny_vtd_to_63_with_5000_sims.csv,"(4, 4253, 23, 7, 709, 4)",833.3333333333334,4253
87322452_ny_vtd_to_63_with_5000_sims.csv,"(13, 6, 346, 54, 396, 983, 2673, 100, 429)",555.5555555555555,2673
38287168_ny_vtd_to_63_with_5000_sims.csv,"(80, 2039, 646, 25, 1608, 32, 43, 519, 1, 7)",500.0,2039
1389355_ny_vtd_to_63_with_5000_sims.csv,"(1, 1, 512, 89, 2660, 16, 19, 34, 1303, 267, 98)",454.54545454545456,2660
66275382_ny_vtd_to_63_with_5000_sims.csv,"(4769, 120, 31, 15, 7, 1, 57)",714.2857142857143,4769
49729800_ny_vtd_to_63_with_5000_sims.csv,"(237, 659, 98, 196, 1, 108, 1152, 2540, 9)",555.5555555555555,2540
51995360_ny_vtd_to_63_with_5000_sims.csv,"(40, 2, 65, 68, 37, 1072, 2290, 1244, 1, 3, 170, 2, 6)",384.61538461538464,2290
45858640_ny_vtd_to_63_with_5000_sims.csv,"(2832, 1297, 1, 61, 809)",1000.0,2832
74921665_ny_vtd_to_63_with_5000_sims.csv,"(58, 4622, 9, 44, 267)",1000.0,4622
17047426_ny_vtd_to_63_with_5000_sims.csv,"(151, 4294, 502, 53)",1250.0,4294
83728050_ny_vtd_to_63_with_5000_sims.csv,"(4995, 1, 4)",1666.6666666666667,4995
18445515_ny_vtd_to_63_with_5000_sims.csv,"(196, 18, 56, 125, 417, 2605, 18, 64, 1500, 1)",500.0,2605
92848599_ny_vtd_to_63_with_5000_sims.csv,"(107, 62, 5, 180, 14, 70, 3848, 105, 17, 3, 21, 114, 1, 396, 57)",333.3333333333333,3848
5892515_ny_vtd_to_63_with_5000_sims.csv,"(2, 1, 3446, 255, 1288, 3, 5)",714.2857142857143,3446
27936744_ny_vtd_to_63_with_5000_sims.csv,"(21, 41, 4, 4899, 2, 28, 5)",714.2857142857143,4899
1922930_ny_vtd_to_63_with_5000_sims.csv,"(1, 12, 4987)",1666.6666666666667,4987
75126580_ny_vtd_to_63_with_5000_sims.csv,"(79, 28, 2512, 1118, 33, 72, 947, 32, 40, 139)",500.0,2512
88930224_ny_vtd_to_63_with_5000_sims.csv,"(460, 28, 343, 723, 34, 39, 3373)",714.2857142857143,3373
14519834_ny_vtd_to_63_with_5000_sims.csv,"(3, 27, 2574, 2396)",1250.0,2574
47778776_ny_vtd_to_63_with_5000_sims.csv,"(16, 715, 166, 25, 2569, 13, 1496)",714.2857142857143,2569
86714350_ny_vtd_to_63_with_5000_sims.csv,"(324, 363, 2, 25, 37, 166, 73, 4, 3837, 169)",500.0,3837
7301690_ny_vtd_to_63_with_5000_sims.csv,"(249, 1969, 259, 2316, 145, 1, 61)",714.2857142857143,2316
50881052_ny_vtd_to_63_with_5000_sims.csv,"(133, 98, 8, 360, 61, 19, 2239, 13, 765, 2, 17, 14, 5, 960, 306)",333.3333333333333,2239
27532280_ny_vtd_to_63_with_5000_sims.csv,"(6, 1813, 1, 31, 36, 502, 65, 131, 5, 1751, 96, 343, 158, 62)",357.14285714285717,1813
8650058_ny_vtd_to_63_with_5000_sims.csv,"(100, 143, 69, 1446, 5, 248, 256, 963, 745, 2, 22, 1, 2, 998)",357.14285714285717,1446
51856019_ny_vtd_to_63_with_5000_sims.csv,"(6, 39, 1246, 7, 10, 197, 139, 377, 59, 99, 49, 2604, 167, 1)",357.14285714285717,2604
79918814_ny_vtd_to_63_with_5000_sims.csv,"(2, 10, 285, 148, 470, 115, 90, 145, 146, 1873, 1, 5, 1413, 10, 13, 274)",312.5,1873
59134432_ny_vtd_to_63_with_5000_sims.csv,"(1, 23, 8, 4526, 150, 81, 1, 135, 12, 63)",500.0,4526
38154879_ny_vtd_to_63_with_5000_sims.csv,"(80, 3, 28, 1, 4462, 2, 424)",714.2857142857143,4462
64140825_ny_vtd_to_63_with_5000_sims.csv,"(368, 8, 499, 396, 9, 143, 3576, 1)",625.0,3576
41191520_ny_vtd_to_63_with_5000_sims.csv,"(1, 4569, 1, 429)",1250.0,4569
91537600_ny_vtd_to_63_with_5000_sims.csv,"(2450, 199, 536, 158, 3, 36, 1293, 3, 68, 2, 1, 251)",416.6666666666667,2450
31017660_ny_vtd_to_63_with_5000_sims.csv,"(192, 331, 62, 10, 825, 60, 1982, 8, 17, 1513)",500.0,1982
58719520_ny_vtd_to_63_with_5000_sims.csv,"(47, 9, 4944)",1666.6666666666667,4944
29852013_ny_vtd_to_63_with_5000_sims.csv,"(916, 10, 43, 2, 18, 1209, 1, 8, 2793)",555.5555555555555,2793
27029408_ny_vtd_to_63_with_5000_sims.csv,"(30, 15, 1, 1282, 16, 73, 3583)",714.2857142857143,3583
76708000_ny_vtd_to_63_with_5000_sims.csv,"(4440, 490, 67, 3)",1250.0,4440
8964425_ny_vtd_to_63_with_5000_sims.csv,"(4663, 296, 41)",1666.6666666666667,4663
11986504_ny_vtd_to_63_with_5000_sims.csv,"(7, 444, 25, 4508, 12, 4)",833.3333333333334,4508
93618500_ny_vtd_to_63_with_5000_sims.csv,"(3146, 99, 169, 7, 645, 908, 26)",714.2857142857143,3146
62535880_ny_vtd_to_63_with_5000_sims.csv,"(11, 18, 1, 20, 3872, 917, 161)",714.2857142857143,3872
35395269_ny_vtd_to_63_with_5000_sims.csv,"(14, 4, 3527, 2, 10, 1325, 13, 105)",625.0,3527
21706620_ny_vtd_to_63_with_5000_sims.csv,"(1365, 6, 12, 2997, 5, 294, 88, 231, 2)",555.5555555555555,2997
13450044_ny_vtd_to_63_with_5000_sims.csv,"(4973, 27)",2500.0,4973
38194675_ny_vtd_to_63_with_5000_sims.csv,"(11, 1251, 22, 20, 1368, 2328)",833.3333333333334,2328
1498681_ny_vtd_to_63_with_5000_sims.csv,"(13, 18, 29, 4940)",1250.0,4940
8737820_ny_vtd_to_63_with_5000_sims.csv,"(3642, 1, 102, 717, 39, 7, 3, 489)",625.0,3642
54196782_ny_vtd_to_63_with_5000_sims.csv,"(713, 12, 244, 94, 31, 105, 2107, 99, 533, 34, 974, 23, 20, 11)",357.14285714285717,2107
15037808_ny_vtd_to_63_with_5000_sims.csv,"(39, 394, 12, 2566, 2, 1, 4, 492, 60, 6, 1301, 72, 51)",384.61538461538464,2566
18532296_ny_vtd_to_63_with_5000_sims.csv,"(106, 18, 2353, 521, 795, 31, 53, 1117, 6)",555.5555555555555,2353
52602512_ny_vtd_to_63_with_5000_sims.csv,"(26, 43, 66, 16, 25, 125, 10, 4689)",625.0,4689
42235448_ny_vtd_to_63_with_5000_sims.csv,"(4988, 12)",2500.0,4988
74126342_ny_vtd_to_63_with_5000_sims.csv,"(13, 2706, 46, 1, 601, 1633)",833.3333333333334,2706
3633284_ny_vtd_to_63_with_5000_sims.csv,"(73, 1, 140, 4785, 1)",1000.0,4785
77341212_ny_vtd_to_63_with_5000_sims.csv,"(1442, 4, 2836, 205, 26, 482, 5)",714.2857142857143,2836
48968574_ny_vtd_to_63_with_5000_sims.csv,"(17, 11, 4661, 162, 12, 20, 6, 51, 14, 5, 38, 3)",416.6666666666667,4661
31953560_ny_vtd_to_63_with_5000_sims.csv,"(639, 2, 4359)",1666.6666666666667,4359
57154444_ny_vtd_to_63_with_5000_sims.csv,"(141, 4858, 1)",1666.6666666666667,4858
65050440_ny_vtd_to_63_with_5000_sims.csv,"(2, 1717, 2094, 639, 472, 6, 70)",714.2857142857143,2094
73627656_ny_vtd_to_63_with_5000_sims.csv,"(10, 91, 202, 15, 156, 96, 4430)",714.2857142857143,4430
80263448_ny_vtd_to_63_with_5000_sims.csv,"(1, 459, 3, 1, 4536)",1000.0,4536
30324000_ny_vtd_to_63_with_5000_sims.csv,"(55, 152, 2, 2068, 235, 269, 54, 1726, 295, 144)",500.0,2068
80191041_ny_vtd_to_63_with_5000_sims.csv,"(38, 119, 4641, 197, 3, 2)",833.3333333333334,4641
23917895_ny_vtd_to_63_with_5000_sims.csv,"(5, 2325, 4, 906, 135, 19, 213, 2, 1271, 120)",500.0,2325
45079254_ny_vtd_to_63_with_5000_sims.csv,"(13, 350, 24, 1780, 20, 8, 42, 391, 2342, 25, 5)",454.54545454545456,2342
68832218_ny_vtd_to_63_with_5000_sims.csv,"(9, 783, 11, 3205, 992)",1000.0,3205
44769301_ny_vtd_to_63_with_5000_sims.csv,"(731, 603, 14, 81, 1, 75, 28, 3438, 29)",555.5555555555555,3438
48583584_ny_vtd_to_63_with_5000_sims.csv,"(14, 45, 2912, 2029)",1250.0,2912
38144070_ny_vtd_to_63_with_5000_sims.csv,"(4963, 13, 24)",1666.6666666666667,4963
70245654_ny_vtd_to_63_with_5000_sims.csv,"(68, 2, 4810, 60, 2, 35, 15, 7, 1)",555.5555555555555,4810
89344073_ny_vtd_to_63_with_5000_sims.csv,"(34, 75, 1182, 1245, 15, 1270, 140, 170, 869)",555.5555555555555,1270
88338590_ny_vtd_to_63_with_5000_sims.csv,"(2, 45, 17, 204, 15, 345, 25, 207, 11, 895, 2773, 352, 9, 100)",357.14285714285717,2773
8147366_ny_vtd_to_63_with_5000_sims.csv,"(18, 19, 977, 33, 80, 74, 3752, 47)",625.0,3752
5556250_ny_vtd_to_63_with_5000_sims.csv,"(24, 1, 4141, 9, 1, 8, 49, 11, 230, 21, 1, 1, 503)",384.61538461538464,4141
64542956_ny_vtd_to_63_with_5000_sims.csv,"(1, 2944, 177, 1818, 13, 44, 1, 2)",625.0,2944
39061952_ny_vtd_to_63_with_5000_sims.csv,"(300, 22, 7, 5, 1, 28, 2, 4634, 1)",555.5555555555555,4634
77145169_ny_vtd_to_63_with_5000_sims.csv,"(2, 16, 13, 4732, 78, 2, 156, 1)",625.0,4732
28326678_ny_vtd_to_63_with_5000_sims.csv,"(222, 311, 2937, 190, 18, 15, 1271, 6, 30)",555.5555555555555,2937
1919644_ny_vtd_to_63_with_5000_sims.csv,"(299, 504, 30, 4, 38, 1582, 1, 54, 81, 327, 9, 434, 72, 4, 1558, 3)",312.5,1582
62184472_ny_vtd_to_63_with_5000_sims.csv,"(1, 4977, 8, 13, 1)",1000.0,4977
36190905_ny_vtd_to_63_with_5000_sims.csv,"(1, 252, 48, 11, 653, 23, 1993, 1010, 995, 14)",500.0,1993
67601390_ny_vtd_to_63_with_5000_sims.csv,"(2, 2658, 5, 2326, 8, 1)",833.3333333333334,2658
49748246_ny_vtd_to_63_with_5000_sims.csv,"(77, 1, 3193, 1729)",1250.0,3193
74637162_ny_vtd_to_63_with_5000_sims.csv,"(3, 84, 2521, 17, 71, 2304)",833.3333333333334,2521
8483720_ny_vtd_to_63_with_5000_sims.csv,"(12, 7, 1, 13, 8, 8, 4908, 2, 41)",555.5555555555555,4908
84299668_ny_vtd_to_63_with_5000_sims.csv,"(5, 42, 1887, 10, 119, 60, 722, 2155)",625.0,2155
17947250_ny_vtd_to_63_with_5000_sims.csv,"(77, 135, 4692, 10, 86)",1000.0,4692
51857216_ny_vtd_to_63_with_5000_sims.csv,"(89, 8, 318, 322, 186, 59, 2513, 1505)",625.0,2513
1556702_ny_vtd_to_63_with_5000_sims.csv,"(24, 4825, 5, 50, 2, 2, 32, 60)",625.0,4825
55495862_ny_vtd_to_63_with_5000_sims.csv,"(1836, 3164)",2500.0,3164
80622826_ny_vtd_to_63_with_5000_sims.csv,"(158, 8, 48, 567, 3353, 757, 107, 2)",625.0,3353
41458778_ny_vtd_to_63_with_5000_sims.csv,"(554, 102, 360, 17, 4, 51, 3869, 31, 5, 7)",500.0,3869
77857252_ny_vtd_to_63_with_5000_sims.csv,"(28, 24, 4690, 18, 39, 11, 7, 178, 5)",555.5555555555555,4690
96834664_ny_vtd_to_63_with_5000_sims.csv,"(8, 29, 4831, 14, 118)",1000.0,4831
22379740_ny_vtd_to_63_with_5000_sims.csv,"(192, 11, 105, 507, 650, 280, 16, 678, 377, 18, 1, 99, 2, 2064)",357.14285714285717,2064
92139336_ny_vtd_to_63_with_5000_sims.csv,"(3, 4341, 19, 7, 18, 2, 156, 188, 51, 56, 1, 158)",416.6666666666667,4341
97003676_ny_vtd_to_63_with_5000_sims.csv,"(3022, 79, 930, 36, 3, 165, 34, 574, 6, 151)",500.0,3022
19300317_ny_vtd_to_63_with_5000_sims.csv,"(1713, 3287)",2500.0,3287
7192472_ny_vtd_to_63_with_5000_sims.csv,"(4, 4762, 17, 152, 10, 54, 1)",714.2857142857143,4762
94470147_ny_vtd_to_63_with_5000_sims.csv,"(28, 4703, 44, 20, 1, 204)",833.3333333333334,4703
44288240_ny_vtd_to_63_with_5000_sims.csv,"(7, 127, 2252, 12, 24, 40, 357, 1536, 135, 2, 284, 105, 119)",384.61538461538464,2252
32276556_ny_vtd_to_63_with_5000_sims.csv,"(2, 621, 3, 308, 2, 4037, 20, 3, 4)",555.5555555555555,4037
22075606_ny_vtd_to_63_with_5000_sims.csv,"(23, 342, 171, 7, 23, 2, 40, 1607, 1, 276, 1160, 933, 386, 29)",357.14285714285717,1607
43301258_ny_vtd_to_63_with_5000_sims.csv,"(206, 9, 4782, 3)",1250.0,4782
50890240_ny_vtd_to_63_with_5000_sims.csv,"(966, 2087, 1159, 668, 87, 6, 1, 26)",625.0,2087
65012885_ny_vtd_to_63_with_5000_sims.csv,"(4977, 4, 3, 2, 1, 13)",833.3333333333334,4977
61325640_ny_vtd_to_63_with_5000_sims.csv,"(4997, 2, 1)",1666.6666666666667,4997
24170480_ny_vtd_to_63_with_5000_sims.csv,"(27, 8, 18, 7, 11, 3, 21, 53, 15, 1, 1, 4780, 1, 54)",357.14285714285717,4780
32220439_ny_vtd_to_63_with_5000_sims.csv,"(13, 958, 619, 49, 1523, 1, 1769, 1, 67)",555.5555555555555,1769
18354225_ny_vtd_to_63_with_5000_sims.csv,"(60, 117, 3, 119, 2, 1505, 9, 28, 3052, 105)",500.0,3052
13883170_ny_vtd_to_63_with_5000_sims.csv,"(25, 930, 1330, 9, 192, 1226, 116, 4, 720, 24, 424)",454.54545454545456,1330
79926336_ny_vtd_to_63_with_5000_sims.csv,"(3517, 1, 860, 350, 45, 2, 150, 75)",625.0,3517
7435966_ny_vtd_to_63_with_5000_sims.csv,"(274, 73, 51, 100, 4493, 4, 1, 1, 3)",555.5555555555555,4493
32787578_ny_vtd_to_63_with_5000_sims.csv,"(4997, 3)",2500.0,4997
54552916_ny_vtd_to_63_with_5000_sims.csv,"(7, 7, 2187, 7, 2717, 3, 63, 4, 5)",555.5555555555555,2717
98108666_ny_vtd_to_63_with_5000_sims.csv,"(182, 111, 76, 1939, 4, 2509, 3, 29, 146, 1)",500.0,2509
35695968_ny_vtd_to_63_with_5000_sims.csv,"(1672, 7, 92, 315, 122, 123, 112, 2418, 35, 73, 31)",454.54545454545456,2418
10171597_ny_vtd_to_63_with_5000_sims.csv,"(882, 1798, 1283, 136, 339, 41, 328, 15, 178)",555.5555555555555,1798
16915360_ny_vtd_to_63_with_5000_sims.csv,"(141, 1231, 2, 7, 1014, 131, 999, 312, 128, 924, 2, 78, 31)",384.61538461538464,1231
77173000_ny_vtd_to_63_with_5000_sims.csv,"(132, 14, 29, 902, 2, 3921)",833.3333333333334,3921
63047018_ny_vtd_to_63_with_5000_sims.csv,"(1842, 2, 1424, 14, 974, 9, 61, 29, 5, 24, 616)",454.54545454545456,1842
81799792_ny_vtd_to_63_with_5000_sims.csv,"(14, 2218, 5, 61, 937, 1664, 1, 92, 8)",555.5555555555555,2218
41378719_ny_vtd_to_63_with_5000_sims.csv,"(2090, 92, 2032, 786)",1250.0,2090
23834837_ny_vtd_to_63_with_5000_sims.csv,"(638, 4257, 3, 16, 4, 82)",833.3333333333334,4257
50368080_ny_vtd_to_63_with_5000_sims.csv,"(96, 2, 16, 4151, 1, 727, 7)",714.2857142857143,4151
67938000_ny_vtd_to_63_with_5000_sims.csv,"(4, 2, 3, 6, 1, 4984)",833.3333333333334,4984
8587689_ny_vtd_to_63_with_5000_sims.csv,"(2289, 1277, 5, 267, 69, 285, 808)",714.2857142857143,2289
46538970_ny_vtd_to_63_with_5000_sims.csv,"(640, 786, 16, 2779, 119, 268, 6, 50, 336)",555.5555555555555,2779
97555996_ny_vtd_to_63_with_5000_sims.csv,"(18, 3, 2, 4977)",1250.0,4977
72645510_ny_vtd_to_63_with_5000_sims.csv,"(3601, 141, 133, 306, 659, 152, 8)",714.2857142857143,3601
33246512_ny_vtd_to_63_with_5000_sims.csv,"(4, 378, 4, 3298, 1, 767, 17, 207, 285, 39)",500.0,3298
41510504_ny_vtd_to_63_with_5000_sims.csv,"(131, 43, 506, 16, 2151, 27, 213, 8, 137, 9, 7, 14, 1586, 42, 85, 25)",312.5,2151
5226520_ny_vtd_to_63_with_5000_sims.csv,"(243, 208, 132, 8, 22, 929, 19, 7, 1451, 174, 50, 360, 1397)",384.61538461538464,1451
65995770_ny_vtd_to_63_with_5000_sims.csv,"(4, 33, 14, 471, 97, 2749, 1632)",714.2857142857143,2749
81183706_ny_vtd_to_63_with_5000_sims.csv,"(9, 4959, 29, 3)",1250.0,4959
23215456_ny_vtd_to_63_with_5000_sims.csv,"(630, 976, 21, 98, 32, 348, 88, 2807)",625.0,2807
80485718_ny_vtd_to_63_with_5000_sims.csv,"(4395, 146, 23, 3, 261, 56, 39, 77)",625.0,4395
4789748_ny_vtd_to_63_with_5000_sims.csv,"(283, 4, 4, 45, 19, 9, 11, 168, 35, 2, 180, 4240)",416.6666666666667,4240
55096492_ny_vtd_to_63_with_5000_sims.csv,"(1, 19, 19, 22, 87, 3, 4321, 528)",625.0,4321
99544214_ny_vtd_to_63_with_5000_sims.csv,"(501, 68, 637, 1126, 2668)",1000.0,2668
7421494_ny_vtd_to_63_with_5000_sims.csv,"(306, 74, 243, 2, 83, 12, 167, 4113)",625.0,4113
2906280_ny_vtd_to_63_with_5000_sims.csv,"(703, 1617, 2680)",1666.6666666666667,2680
71388339_ny_vtd_to_63_with_5000_sims.csv,"(527, 19, 927, 46, 23, 1, 499, 4, 13, 3, 558, 19, 33, 1642, 402, 196, 38, 37, 13)",263.1578947368421,1642
60379408_ny_vtd_to_63_with_5000_sims.csv,"(4980, 1, 1, 18)",1250.0,4980
60816900_ny_vtd_to_63_with_5000_sims.csv,"(36, 10, 6, 791, 814, 1, 18, 544, 2, 163, 378, 5, 2232)",384.61538461538464,2232
8653840_ny_vtd_to_63_with_5000_sims.csv,"(1005, 1080, 1422, 19, 29, 12, 196, 1211, 4, 22)",500.0,1422
9057488_ny_vtd_to_63_with_5000_sims.csv,"(5, 4, 2485, 2445, 50, 11)",833.3333333333334,2485
47847518_ny_vtd_to_63_with_5000_sims.csv,"(4868, 1, 1, 56, 74)",1000.0,4868
40265170_ny_vtd_to_63_with_5000_sims.csv,"(7, 3342, 1554, 64, 33)",1000.0,3342
62233630_ny_vtd_to_63_with_5000_sims.csv,"(4908, 35, 44, 4, 7, 2)",833.3333333333334,4908
82042593_ny_vtd_to_63_with_5000_sims.csv,"(2770, 2141, 4, 84, 1)",1000.0,2770
92523175_ny_vtd_to_63_with_5000_sims.csv,"(42, 1, 1, 3, 7, 3, 10, 2274, 112, 2, 2, 83, 1430, 100, 101, 5, 824)",294.11764705882354,2274
81580087_ny_vtd_to_63_with_5000_sims.csv,"(1600, 402, 2, 14, 731, 126, 63, 1380, 79, 107, 496)",454.54545454545456,1600
50000760_ny_vtd_to_63_with_5000_sims.csv,"(5000,)",5000.0,5000
11674232_ny_vtd_to_63_with_5000_sims.csv,"(6, 2, 1, 36, 51, 320, 163, 175, 478, 547, 3221)",454.54545454545456,3221
1458536_ny_vtd_to_63_with_5000_sims.csv,"(1, 9, 15, 247, 1, 3273, 31, 478, 1, 3, 65, 1, 8, 469, 394, 4)",312.5,3273
6643723_ny_vtd_to_63_with_5000_sims.csv,"(562, 2715, 476, 201, 253, 7, 31, 732, 6, 1, 16)",454.54545454545456,2715
96134337_ny_vtd_to_63_with_5000_sims.csv,"(1, 77, 293, 19, 203, 2, 919, 109, 414, 2812, 3, 70, 52, 26)",357.14285714285717,2812
28675546_ny_vtd_to_63_with_5000_sims.csv,"(1129, 1069, 395, 4, 1, 2065, 337)",714.2857142857143,2065
84574828_ny_vtd_to_63_with_5000_sims.csv,"(114, 1, 121, 199, 35, 1132, 1472, 1, 10, 23, 631, 12, 20, 326, 301, 601, 1)",294.11764705882354,1472
32490080_ny_vtd_to_63_with_5000_sims.csv,"(20, 5, 105, 9, 4, 4764, 93)",714.2857142857143,4764
16546840_ny_vtd_to_63_with_5000_sims.csv,"(3241, 97, 1507, 96, 52, 7)",833.3333333333334,3241
8195972_ny_vtd_to_63_with_5000_sims.csv,"(2, 239, 791, 2, 1, 2, 250, 14, 36, 2875, 122, 219, 4, 5, 359, 79)",312.5,2875
91504279_ny_vtd_to_63_with_5000_sims.csv,"(51, 96, 11, 520, 1, 8, 3, 26, 3, 613, 76, 3428, 6, 5, 31, 122)",312.5,3428
36756936_ny_vtd_to_63_with_5000_sims.csv,"(880, 2212, 7, 13, 29, 1641, 1, 2, 19, 196)",500.0,2212
12001561_ny_vtd_to_63_with_5000_sims.csv,"(2, 4026, 14, 300, 117, 519, 22)",714.2857142857143,4026
39925805_ny_vtd_to_63_with_5000_sims.csv,"(39, 56, 306, 40, 754, 2777, 197, 831)",625.0,2777
19099520_ny_vtd_to_63_with_5000_sims.csv,"(1022, 2, 1, 248, 25, 3169, 533)",714.2857142857143,3169
86836428_ny_vtd_to_63_with_5000_sims.csv,"(2336, 64, 57, 17, 49, 2477)",833.3333333333334,2477
12873310_ny_vtd_to_63_with_5000_sims.csv,"(183, 931, 342, 1137, 1333, 865, 48, 23, 79, 36, 20, 3)",416.6666666666667,1333
384366_ny_vtd_to_63_with_5000_sims.csv,"(108, 57, 539, 1203, 498, 2102, 27, 9, 457)",555.5555555555555,2102
41314685_ny_vtd_to_63_with_5000_sims.csv,"(2873, 1309, 818)",1666.6666666666667,2873
85121442_ny_vtd_to_63_with_5000_sims.csv,"(4946, 7, 15, 19, 13)",1000.0,4946
57470663_ny_vtd_to_63_with_5000_sims.csv,"(1, 4960, 25, 14)",1250.0,4960
32635054_ny_vtd_to_63_with_5000_sims.csv,"(1, 11, 8, 222, 1451, 1000, 50, 74, 13, 920, 59, 1190, 1)",384.61538461538464,1451
64066295_ny_vtd_to_63_with_5000_sims.csv,"(167, 24, 56, 1, 35, 26, 14, 41, 232, 4395, 9)",454.54545454545456,4395
3629280_ny_vtd_to_63_with_5000_sims.csv,"(3596, 66, 2, 1081, 231, 24)",833.3333333333334,3596
26556836_ny_vtd_to_63_with_5000_sims.csv,"(2846, 3, 131, 1816, 43, 11, 150)",714.2857142857143,2846
64211948_ny_vtd_to_63_with_5000_sims.csv,"(20, 4620, 14, 345, 1)",1000.0,4620
56878748_ny_vtd_to_63_with_5000_sims.csv,"(5000,)",5000.0,5000
36498924_ny_vtd_to_63_with_5000_sims.csv,"(4685, 315)",2500.0,4685
77420740_ny_vtd_to_63_with_5000_sims.csv,"(3691, 1244, 64, 1)",1250.0,3691
97000600_ny_vtd_to_63_with_5000_sims.csv,"(11, 10, 3, 2115, 12, 3, 406, 24, 12, 6, 13, 2385)",416.6666666666667,2385
89930687_ny_vtd_to_63_with_5000_sims.csv,"(866, 125, 4009)",1666.6666666666667,4009
45374786_ny_vtd_to_63_with_5000_sims.csv,"(1, 81, 246, 1, 4671)",1000.0,4671
9839333_ny_vtd_to_63_with_5000_sims.csv,"(19, 2, 55, 143, 4778, 3)",833.3333333333334,4778
15918722_ny_vtd_to_63_with_5000_sims.csv,"(68, 4932)",2500.0,4932
79867220_ny_vtd_to_63_with_5000_sims.csv,"(2652, 101, 21, 111, 2103, 12)",833.3333333333334,2652
97210952_ny_vtd_to_63_with_5000_sims.csv,"(2142, 3, 36, 1257, 28, 1499, 1, 1, 33)",555.5555555555555,2142
82931548_ny_vtd_to_63_with_5000_sims.csv,"(4999, 1)",2500.0,4999
32184850_ny_vtd_to_63_with_5000_sims.csv,"(1767, 372, 1, 235, 54, 1, 16, 8, 1883, 520, 143)",454.54545454545456,1883
21356428_ny_vtd_to_63_with_5000_sims.csv,"(348, 231, 4015, 406)",1250.0,4015
51835224_ny_vtd_to_63_with_5000_sims.csv,"(48, 14, 46, 1077, 868, 1735, 22, 49, 482, 70, 317, 4, 8, 134, 9, 117)",312.5,1735
78112200_ny_vtd_to_63_with_5000_sims.csv,"(485, 776, 44, 1173, 383, 80, 552, 1504, 3)",555.5555555555555,1504
2627840_ny_vtd_to_63_with_5000_sims.csv,"(1, 7, 2824, 7, 39, 13, 9, 64, 1642, 4, 1, 388, 1)",384.61538461538464,2824
34976050_ny_vtd_to_63_with_5000_sims.csv,"(299, 42, 1, 24, 54, 43, 4451, 18, 53, 15)",500.0,4451
2872351_ny_vtd_to_63_with_5000_sims.csv,"(8, 81, 32, 628, 3845, 10, 15, 238, 98, 45)",500.0,3845
58506574_ny_vtd_to_63_with_5000_sims.csv,"(170, 11, 86, 24, 39, 1072, 1614, 1, 15, 1968)",500.0,1968
26526664_ny_vtd_to_63_with_5000_sims.csv,"(7, 11, 121, 330, 78, 21, 150, 8, 2, 33, 39, 3278, 914, 8)",357.14285714285717,3278
49046698_ny_vtd_to_63_with_5000_sims.csv,"(5, 57, 1, 4475, 3, 306, 133, 14, 1, 5)",500.0,4475
1690794_ny_vtd_to_63_with_5000_sims.csv,"(4737, 52, 7, 10, 4, 27, 156, 7)",625.0,4737
56210944_ny_vtd_to_63_with_5000_sims.csv,"(57, 3, 622, 5, 10, 63, 3915, 153, 9, 163)",500.0,3915
98678420_ny_vtd_to_63_with_5000_sims.csv,"(7, 9, 8, 110, 31, 439, 1, 139, 162, 3713, 22, 310, 49)",384.61538461538464,3713
38639210_ny_vtd_to_63_with_5000_sims.csv,"(36, 1044, 3557, 362, 1)",1000.0,3557
41886660_ny_vtd_to_63_with_5000_sims.csv,"(12, 136, 22, 20, 2269, 18, 16, 1383, 3, 1, 33, 1081, 6)",384.61538461538464,2269
97434743_ny_vtd_to_63_with_5000_sims.csv,"(3969, 439, 34, 84, 1, 13, 222, 119, 7, 1, 8, 103)",416.6666666666667,3969
39039510_ny_vtd_to_63_with_5000_sims.csv,"(14, 86, 4, 10, 5, 692, 963, 3226)",625.0,3226
58925669_ny_vtd_to_63_with_5000_sims.csv,"(33, 8, 574, 21, 2, 1, 1, 4338, 3, 1, 18)",454.54545454545456,4338
90546589_ny_vtd_to_63_with_5000_sims.csv,"(4753, 8, 108, 21, 110)",1000.0,4753
91189616_ny_vtd_to_63_with_5000_sims.csv,"(1460, 185, 1867, 279, 596, 124, 489)",714.2857142857143,1867
63384330_ny_vtd_to_63_with_5000_sims.csv,"(561, 166, 1084, 158, 667, 15, 8, 2166, 8, 55, 4, 108)",416.6666666666667,2166
78770134_ny_vtd_to_63_with_5000_sims.csv,"(3, 3616, 13, 1, 4, 380, 6, 9, 25, 943)",500.0,3616
57307736_ny_vtd_to_63_with_5000_sims.csv,"(5, 760, 7, 2, 1, 90, 2995, 96, 888, 19, 1, 136)",416.6666666666667,2995
46268547_ny_vtd_to_63_with_5000_sims.csv,"(1043, 16, 27, 70, 9, 60, 9, 3715, 51)",555.5555555555555,3715
92142068_ny_vtd_to_63_with_5000_sims.csv,"(3, 12, 2902, 5, 27, 1285, 245, 521)",625.0,2902
45284660_ny_vtd_to_63_with_5000_sims.csv,"(16, 11, 3, 319, 3, 244, 960, 119, 88, 149, 2503, 123, 457, 5)",357.14285714285717,2503
74982231_ny_vtd_to_63_with_5000_sims.csv,"(1, 8, 72, 1, 4012, 587, 135, 184)",625.0,4012
242220_ny_vtd_to_63_with_5000_sims.csv,"(2609, 315, 5, 958, 68, 1031, 14)",714.2857142857143,2609
34227080_ny_vtd_to_63_with_5000_sims.csv,"(244, 4086, 476, 190, 4)",1000.0,4086
7216650_ny_vtd_to_63_with_5000_sims.csv,"(1502, 3488, 10)",1666.6666666666667,3488
84443661_ny_vtd_to_63_with_5000_sims.csv,"(1487, 1988, 1449, 62, 5, 9)",833.3333333333334,1988
91529953_ny_vtd_to_63_with_5000_sims.csv,"(6, 2, 1, 4932, 8, 4, 47)",714.2857142857143,4932
7574115_ny_vtd_to_63_with_5000_sims.csv,"(1622, 63, 6, 3139, 27, 143)",833.3333333333334,3139
67789028_ny_vtd_to_63_with_5000_sims.csv,"(289, 3, 75, 160, 919, 162, 6, 2574, 8, 804)",500.0,2574
87955732_ny_vtd_to_63_with_5000_sims.csv,"(1669, 3112, 218, 1)",1250.0,3112
1258192_ny_vtd_to_63_with_5000_sims.csv,"(28, 159, 3, 8, 4, 4061, 89, 227, 361, 9, 12, 1, 19, 19)",357.14285714285717,4061
7886887_ny_vtd_to_63_with_5000_sims.csv,"(624, 320, 3423, 179, 3, 6, 1, 444)",625.0,3423
46938006_ny_vtd_to_63_with_5000_sims.csv,"(4062, 881, 3, 8, 46)",1000.0,4062
60769035_ny_vtd_to_63_with_5000_sims.csv,"(140, 113, 4635, 22, 71, 5, 14)",714.2857142857143,4635
37721435_ny_vtd_to_63_with_5000_sims.csv,"(4193, 84, 7, 48, 35, 94, 61, 285, 193)",555.5555555555555,4193
64838110_ny_vtd_to_63_with_5000_sims.csv,"(1, 33, 15, 121, 1, 114, 21, 4661, 20, 13)",500.0,4661
31185380_ny_vtd_to_63_with_5000_sims.csv,"(1, 7, 4726, 42, 99, 6, 72, 1, 18, 15, 13)",454.54545454545456,4726
17350307_ny_vtd_to_63_with_5000_sims.csv,"(195, 31, 1, 10, 2, 1124, 8, 2, 8, 3542, 1, 8, 68)",384.61538461538464,3542
17822938_ny_vtd_to_63_with_5000_sims.csv,"(2640, 387, 419, 1551, 3)",1000.0,2640
80064566_ny_vtd_to_63_with_5000_sims.csv,"(41, 340, 21, 59, 301, 816, 827, 178, 11, 8, 1343, 950, 1, 8, 14, 6, 76)",294.11764705882354,1343
33066380_ny_vtd_to_63_with_5000_sims.csv,"(21, 160, 9, 7, 25, 2030, 118, 1799, 50, 15, 212, 365, 189)",384.61538461538464,2030
35147904_ny_vtd_to_63_with_5000_sims.csv,"(46, 111, 1575, 3268)",1250.0,3268
17822080_ny_vtd_to_63_with_5000_sims.csv,"(8, 1, 4990, 1)",1250.0,4990
48262194_ny_vtd_to_63_with_5000_sims.csv,"(202, 43, 2, 28, 76, 414, 7, 4212, 16)",555.5555555555555,4212
8707388_ny_vtd_to_63_with_5000_sims.csv,"(2, 1, 4110, 26, 16, 5, 821, 19)",625.0,4110
61924104_ny_vtd_to_63_with_5000_sims.csv,"(1, 6, 4938, 1, 1, 51, 2)",714.2857142857143,4938
2090832_ny_vtd_to_63_with_5000_sims.csv,"(16, 535, 4154, 32, 145, 27, 79, 12)",625.0,4154
87700829_ny_vtd_to_63_with_5000_sims.csv,"(47, 8, 2526, 2330, 1, 61, 11, 4, 12)",555.5555555555555,2526
27489520_ny_vtd_to_63_with_5000_sims.csv,"(419, 215, 1, 3526, 5, 175, 151, 35, 15, 3, 96, 359)",416.6666666666667,3526
55740092_ny_vtd_to_63_with_5000_sims.csv,"(116, 2, 1557, 19, 1504, 1802)",833.3333333333334,1802
48035896_ny_vtd_to_63_with_5000_sims.csv,"(1, 4995, 3, 1)",1250.0,4995
22387507_ny_vtd_to_63_with_5000_sims.csv,"(89, 261, 275, 29, 22, 2471, 72, 12, 1, 210, 10, 1548)",416.6666666666667,2471
26060195_ny_vtd_to_63_with_5000_sims.csv,"(179, 4770, 1, 32, 18)",1000.0,4770
85531288_ny_vtd_to_63_with_5000_sims.csv,"(2910, 5, 333, 1487, 111, 154)",833.3333333333334,2910
45478730_ny_vtd_to_63_with_5000_sims.csv,"(222, 1609, 20, 12, 100, 3037)",833.3333333333334,3037
21902538_ny_vtd_to_63_with_5000_sims.csv,"(5000,)",5000.0,5000
3006652_ny_vtd_to_63_with_5000_sims.csv,"(2433, 599, 62, 2, 112, 1, 52, 1134, 604, 1)",500.0,2433
3310652_ny_vtd_to_63_with_5000_sims.csv,"(4967, 30, 2, 1)",1250.0,4967
35582018_ny_vtd_to_63_with_5000_sims.csv,"(2068, 156, 480, 2117, 61, 1, 111, 6)",625.0,2117
2368284_ny_vtd_to_63_with_5000_sims.csv,"(8, 3400, 7, 264, 589, 174, 9, 134, 10, 3, 336, 64, 2)",384.61538461538464,3400
24657348_ny_vtd_to_63_with_5000_sims.csv,"(26, 2531, 11, 165, 18, 27, 1704, 19, 280, 5, 183, 1, 29, 1)",357.14285714285717,2531
57935931_ny_vtd_to_63_with_5000_sims.csv,"(151, 946, 28, 919, 180, 607, 910, 866, 368, 3, 22)",454.54545454545456,946
63202943_ny_vtd_to_63_with_5000_sims.csv,"(5, 3849, 5, 56, 900, 5, 172, 8)",625.0,3849
78741568_ny_vtd_to_63_with_5000_sims.csv,"(48, 253, 37, 24, 35, 213, 89, 974, 2, 1551, 798, 976)",416.6666666666667,1551
6598746_ny_vtd_to_63_with_5000_sims.csv,"(456, 1, 4455, 83, 5)",1000.0,4455
33453395_ny_vtd_to_63_with_5000_sims.csv,"(9, 155, 1392, 8, 293, 3143)",833.3333333333334,3143
3134348_ny_vtd_to_63_with_5000_sims.csv,"(39, 4961)",2500.0,4961
57639382_ny_vtd_to_63_with_5000_sims.csv,"(3, 63, 395, 3680, 642, 217)",833.3333333333334,3680
18382150_ny_vtd_to_63_with_5000_sims.csv,"(14, 71, 1, 25, 4328, 561)",833.3333333333334,4328
63365011_ny_vtd_to_63_with_5000_sims.csv,"(4, 1613, 3383)",1666.6666666666667,3383
95278912_ny_vtd_to_63_with_5000_sims.csv,"(1, 543, 22, 2, 271, 8, 49, 54, 4, 66, 38, 1388, 2554)",384.61538461538464,2554
4590450_ny_vtd_to_63_with_5000_sims.csv,"(4747, 31, 15, 6, 33, 39, 61, 68)",625.0,4747
17415216_ny_vtd_to_63_with_5000_sims.csv,"(4073, 29, 31, 148, 316, 3, 372, 6, 7, 15)",500.0,4073
722459_ny_vtd_to_63_with_5000_sims.csv,"(478, 2424, 11, 814, 1265, 7, 1)",714.2857142857143,2424
70201894_ny_vtd_to_63_with_5000_sims.csv,"(20, 9, 31, 17, 3796, 11, 316, 5, 3, 123, 99, 4, 133, 433)",357.14285714285717,3796
57579860_ny_vtd_to_63_with_5000_sims.csv,"(220, 28, 7, 23, 19, 142, 1000, 4, 65, 1863, 413, 10, 62, 1144)",357.14285714285717,1863
33057608_ny_vtd_to_63_with_5000_sims.csv,"(1, 120, 3, 518, 76, 38, 58, 3, 29, 664, 399, 766, 1, 2293, 31)",333.3333333333333,2293
96942879_ny_vtd_to_63_with_5000_sims.csv,"(2, 7, 1430, 147, 18, 13, 2438, 11, 141, 14, 231, 548)",416.6666666666667,2438
35729440_ny_vtd_to_63_with_5000_sims.csv,"(1615, 390, 87, 107, 21, 41, 3, 98, 223, 1131, 11, 141, 1132)",384.61538461538464,1615
57402448_ny_vtd_to_63_with_5000_sims.csv,"(4, 952, 1628, 748, 10, 52, 367, 1232, 7)",555.5555555555555,1628
63775325_ny_vtd_to_63_with_5000_sims.csv,"(11, 1, 9, 4, 13, 129, 64, 4007, 205, 5, 4, 6, 542)",384.61538461538464,4007
85237376_ny_vtd_to_63_with_5000_sims.csv,"(2217, 2783)",2500.0,2783
60183336_ny_vtd_to_63_with_5000_sims.csv,"(16, 1, 4763, 3, 24, 27, 1, 1, 41, 98, 2, 4, 6, 12, 1)",333.3333333333333,4763
11853384_ny_vtd_to_63_with_5000_sims.csv,"(36, 2286, 580, 229, 1225, 4, 102, 20, 518)",555.5555555555555,2286
2903350_ny_vtd_to_63_with_5000_sims.csv,"(11, 4449, 17, 102, 62, 2, 44, 313)",625.0,4449
38932110_ny_vtd_to_63_with_5000_sims.csv,"(308, 1049, 1608, 11, 545, 265, 60, 9, 1030, 115)",500.0,1608
82154920_ny_vtd_to_63_with_5000_sims.csv,"(91, 13, 29, 48, 33, 2, 97, 4687)",625.0,4687
93708384_ny_vtd_to_63_with_5000_sims.csv,"(1259, 192, 7, 3, 122, 482, 97, 391, 9, 88, 2020, 11, 1, 1, 11, 306)",312.5,2020
32143189_ny_vtd_to_63_with_5000_sims.csv,"(50, 1, 399, 4489, 61)",1000.0,4489
13957510_ny_vtd_to_63_with_5000_sims.csv,"(315, 2748, 578, 1359)",1250.0,2748
43224155_ny_vtd_to_63_with_5000_sims.csv,"(44, 1402, 1024, 291, 1869, 255, 114, 1)",625.0,1869
14454760_ny_vtd_to_63_with_5000_sims.csv,"(807, 8, 191, 33, 20, 8, 48, 19, 3000, 814, 47, 5)",416.6666666666667,3000
65953075_ny_vtd_to_63_with_5000_sims.csv,"(4, 16, 1, 1041, 1704, 199, 810, 10, 33, 453, 32, 56, 641)",384.61538461538464,1704
114032_ny_vtd_to_63_with_5000_sims.csv,"(4, 473, 6, 207, 316, 658, 12, 36, 3288)",555.5555555555555,3288
57443403_ny_vtd_to_63_with_5000_sims.csv,"(53, 612, 3191, 2, 945, 197)",833.3333333333334,3191
6578820_ny_vtd_to_63_with_5000_sims.csv,"(101, 4, 223, 2687, 1580, 200, 7, 151, 47)",555.5555555555555,2687
53182019_ny_vtd_to_63_with_5000_sims.csv,"(37, 35, 1349, 3579)",1250.0,3579
97095651_ny_vtd_to_63_with_5000_sims.csv,"(99, 266, 3775, 48, 640, 2, 1, 130, 10, 1, 24, 4)",416.6666666666667,3775
88584463_ny_vtd_to_63_with_5000_sims.csv,"(21, 29, 1760, 734, 2199, 5, 5, 227, 20)",555.5555555555555,2199
10655075_ny_vtd_to_63_with_5000_sims.csv,"(3, 90, 2, 298, 3, 4589, 13, 2)",625.0,4589
90629480_ny_vtd_to_63_with_5000_sims.csv,"(1276, 18, 3646, 2, 58)",1000.0,3646
10760493_ny_vtd_to_63_with_5000_sims.csv,"(57, 278, 5, 2455, 4, 190, 253, 20, 134, 7, 13, 1547, 27, 10)",357.14285714285717,2455
73631980_ny_vtd_to_63_with_5000_sims.csv,"(61, 278, 19, 3, 2, 140, 4497)",714.2857142857143,4497
70758792_ny_vtd_to_63_with_5000_sims.csv,"(5000,)",5000.0,5000
46874238_ny_vtd_to_63_with_5000_sims.csv,"(2, 136, 455, 100, 1, 9, 73, 3232, 35, 133, 824)",454.54545454545456,3232
20770750_ny_vtd_to_63_with_5000_sims.csv,"(4, 69, 1780, 9, 277, 919, 553, 1109, 144, 136)",500.0,1780
4529140_ny_vtd_to_63_with_5000_sims.csv,"(4804, 46, 150)",1666.6666666666667,4804
69008272_ny_vtd_to_63_with_5000_sims.csv,"(1321, 1322, 1344, 6, 76, 138, 534, 172, 55, 32)",500.0,1344
75370762_ny_vtd_to_63_with_5000_sims.csv,"(5, 3, 1, 7, 4984)",1000.0,4984
87159380_ny_vtd_to_63_with_5000_sims.csv,"(4, 109, 3, 4281, 427, 15, 7, 59, 1, 4, 80, 10)",416.6666666666667,4281
42519240_ny_vtd_to_63_with_5000_sims.csv,"(5, 2571, 85, 2305, 5, 11, 18)",714.2857142857143,2571
98596733_ny_vtd_to_63_with_5000_sims.csv,"(137, 36, 119, 100, 13, 39, 2874, 3, 794, 885)",500.0,2874
54106801_ny_vtd_to_63_with_5000_sims.csv,"(5, 8, 735, 583, 81, 48, 310, 14, 1816, 776, 311, 313)",416.6666666666667,1816
48197610_ny_vtd_to_63_with_5000_sims.csv,"(282, 134, 4, 524, 17, 50, 1142, 937, 1910)",555.5555555555555,1910
3199050_ny_vtd_to_63_with_5000_sims.csv,"(382, 4549, 9, 60)",1250.0,4549
88313595_ny_vtd_to_63_with_5000_sims.csv,"(54, 20, 210, 96, 49, 44, 1294, 2365, 868)",555.5555555555555,2365
26298579_ny_vtd_to_63_with_5000_sims.csv,"(1, 4999)",2500.0,4999
55446590_ny_vtd_to_63_with_5000_sims.csv,"(5, 1, 3907, 12, 162, 12, 9, 138, 1, 753)",500.0,3907
84145806_ny_vtd_to_63_with_5000_sims.csv,"(383, 4606, 11)",1666.6666666666667,4606
10524174_ny_vtd_to_63_with_5000_sims.csv,"(30, 251, 2, 589, 360, 1051, 1, 1584, 199, 131, 439, 150, 206, 3, 4)",333.3333333333333,1584
45214560_ny_vtd_to_63_with_5000_sims.csv,"(23, 5, 43, 4565, 363, 1)",833.3333333333334,4565
36943613_ny_vtd_to_63_with_5000_sims.csv,"(2, 4, 4, 4990)",1250.0,4990
96614865_ny_vtd_to_63_with_5000_sims.csv,"(16, 41, 11, 4304, 115, 19, 2, 492)",625.0,4304
37765600_ny_vtd_to_63_with_5000_sims.csv,"(169, 314, 268, 68, 269, 1735, 2177)",714.2857142857143,2177
6853846_ny_vtd_to_63_with_5000_sims.csv,"(599, 39, 2090, 8, 22, 28, 2208, 2, 4)",555.5555555555555,2208
41372904_ny_vtd_to_63_with_5000_sims.csv,"(4953, 47)",2500.0,4953
74684279_ny_vtd_to_63_with_5000_sims.csv,"(50, 1, 1, 1184, 3, 3569, 23, 67, 97, 5)",500.0,3569
60250032_ny_vtd_to_63_with_5000_sims.csv,"(80, 2128, 1, 958, 24, 39, 13, 27, 5, 1636, 6, 25, 58)",384.61538461538464,2128
23044268_ny_vtd_to_63_with_5000_sims.csv,"(836, 12, 16, 1601, 7, 437, 4, 2087)",625.0,2087
16826739_ny_vtd_to_63_with_5000_sims.csv,"(790, 6, 5, 5, 24, 202, 3307, 6, 321, 332, 2)",454.54545454545456,3307
34921340_ny_vtd_to_63_with_5000_sims.csv,"(67, 2, 1, 223, 24, 2659, 1850, 4, 117, 6, 47)",454.54545454545456,2659
76340352_ny_vtd_to_63_with_5000_sims.csv,"(4950, 43, 7)",1666.6666666666667,4950
12827094_ny_vtd_to_63_with_5000_sims.csv,"(2184, 1, 425, 121, 1, 1630, 622, 11, 1, 4)",500.0,2184
76479012_ny_vtd_to_63_with_5000_sims.csv,"(75, 21, 17, 76, 3, 170, 12, 1, 3292, 30, 37, 62, 1204)",384.61538461538464,3292
48592928_ny_vtd_to_63_with_5000_sims.csv,"(698, 7, 41, 111, 85, 13, 152, 3759, 6, 126, 2)",454.54545454545456,3759
38833145_ny_vtd_to_63_with_5000_sims.csv,"(158, 1, 4690, 4, 4, 91, 1, 39, 12)",555.5555555555555,4690
50633029_ny_vtd_to_63_with_5000_sims.csv,"(3279, 794, 114, 9, 16, 788)",833.3333333333334,3279
21939700_ny_vtd_to_63_with_5000_sims.csv,"(107, 367, 953, 814, 477, 20, 5, 76, 1561, 27, 587, 6)",416.6666666666667,1561
99494762_ny_vtd_to_63_with_5000_sims.csv,"(4291, 26, 173, 45, 9, 295, 153, 8)",625.0,4291
33459004_ny_vtd_to_63_with_5000_sims.csv,"(21, 3, 7, 746, 75, 4112, 36)",714.2857142857143,4112
97857264_ny_vtd_to_63_with_5000_sims.csv,"(3, 73, 1, 3, 214, 33, 2704, 11, 20, 332, 465, 1141)",416.6666666666667,2704
66843163_ny_vtd_to_63_with_5000_sims.csv,"(2167, 1746, 180, 659, 6, 60, 47, 19, 46, 20, 50)",454.54545454545456,2167
28753040_ny_vtd_to_63_with_5000_sims.csv,"(20, 46, 4024, 2, 124, 29, 2, 6, 4, 31, 712)",454.54545454545456,4024
45365762_ny_vtd_to_63_with_5000_sims.csv,"(79, 198, 2389, 31, 322, 182, 305, 1494)",625.0,2389
25979100_ny_vtd_to_63_with_5000_sims.csv,"(1291, 5, 27, 80, 3, 282, 13, 45, 1877, 2, 1065, 11, 299)",384.61538461538464,1877
90241944_ny_vtd_to_63_with_5000_sims.csv,"(4152, 54, 72, 30, 2, 4, 3, 109, 171, 8, 210, 56, 12, 95, 22)",333.3333333333333,4152
51030544_ny_vtd_to_63_with_5000_sims.csv,"(2101, 74, 1773, 7, 785, 9, 1, 115, 23, 40, 72)",454.54545454545456,2101
32525627_ny_vtd_to_63_with_5000_sims.csv,"(8, 7, 4877, 108)",1250.0,4877
23455704_ny_vtd_to_63_with_5000_sims.csv,"(31, 138, 1, 366, 8, 1283, 1911, 6, 31, 20, 1205)",454.54545454545456,1911
75101616_ny_vtd_to_63_with_5000_sims.csv,"(49, 25, 29, 373, 5, 1762, 586, 29, 599, 517, 3, 27, 996)",384.61538461538464,1762
39124701_ny_vtd_to_63_with_5000_sims.csv,"(340, 831, 162, 17, 983, 303, 1590, 236, 97, 25, 416)",454.54545454545456,1590
99542840_ny_vtd_to_63_with_5000_sims.csv,"(83, 12, 102, 97, 4, 12, 1856, 3, 2816, 15)",500.0,2816
77307842_ny_vtd_to_63_with_5000_sims.csv,"(10, 139, 240, 1765, 2823, 23)",833.3333333333334,2823
45385090_ny_vtd_to_63_with_5000_sims.csv,"(161, 102, 7, 4104, 525, 1, 3, 85, 2, 10)",500.0,4104
97425271_ny_vtd_to_63_with_5000_sims.csv,"(2363, 69, 2568)",1666.6666666666667,2568
78258040_ny_vtd_to_63_with_5000_sims.csv,"(11, 408, 74, 13, 360, 773, 2305, 2, 31, 1023)",500.0,2305
46150410_ny_vtd_to_63_with_5000_sims.csv,"(4, 3769, 1, 14, 2, 6, 9, 314, 129, 81, 671)",454.54545454545456,3769
37768630_ny_vtd_to_63_with_5000_sims.csv,"(89, 4796, 73, 42)",1250.0,4796
84927489_ny_vtd_to_63_with_5000_sims.csv,"(127, 4116, 543, 143, 35, 36)",833.3333333333334,4116
52497462_ny_vtd_to_63_with_5000_sims.csv,"(14, 430, 310, 15, 4231)",1000.0,4231
23332679_ny_vtd_to_63_with_5000_sims.csv,"(33, 5, 1677, 4, 7, 87, 2, 81, 2, 2940, 133, 7, 2, 20)",357.14285714285717,2940
83828228_ny_vtd_to_63_with_5000_sims.csv,"(3282, 23, 28, 890, 777)",1000.0,3282
4760110_ny_vtd_to_63_with_5000_sims.csv,"(1, 2, 4386, 292, 319)",1000.0,4386
12103014_ny_vtd_to_63_with_5000_sims.csv,"(2727, 2244, 12, 17)",1250.0,2727
24929820_ny_vtd_to_63_with_5000_sims.csv,"(26, 5, 126, 6, 30, 1208, 2394, 3, 1202)",555.5555555555555,2394
463410_ny_vtd_to_63_with_5000_sims.csv,"(1, 473, 214, 107, 1, 3009, 497, 1, 15, 11, 10, 55, 47, 290, 249, 3, 17)",294.11764705882354,3009
10880016_ny_vtd_to_63_with_5000_sims.csv,"(2856, 11, 217, 36, 315, 9, 80, 1474, 2)",555.5555555555555,2856
55897720_ny_vtd_to_63_with_5000_sims.csv,"(8, 949, 73, 78, 26, 2151, 103, 83, 8, 55, 3, 3, 1286, 48, 126)",333.3333333333333,2151
29513535_ny_vtd_to_63_with_5000_sims.csv,"(2981, 8, 13, 1930, 8, 15, 36, 9)",625.0,2981
96213029_ny_vtd_to_63_with_5000_sims.csv,"(1, 43, 61, 596, 16, 2832, 129, 7, 7, 796, 274, 229, 9)",384.61538461538464,2832
90339672_ny_vtd_to_63_with_5000_sims.csv,"(544, 163, 4287, 6)",1250.0,4287
66802960_ny_vtd_to_63_with_5000_sims.csv,"(168, 280, 54, 2, 17, 33, 6, 69, 1168, 3203)",500.0,3203
37336603_ny_vtd_to_63_with_5000_sims.csv,"(4415, 63, 67, 29, 35, 78, 2, 7, 127, 1, 1, 76, 1, 98)",357.14285714285717,4415
8422517_ny_vtd_to_63_with_5000_sims.csv,"(3778, 30, 1192)",1666.6666666666667,3778
87247868_ny_vtd_to_63_with_5000_sims.csv,"(13, 145, 151, 16, 2, 3, 4582, 62, 26)",555.5555555555555,4582
13851018_ny_vtd_to_63_with_5000_sims.csv,"(5, 30, 6, 2100, 22, 853, 2, 9, 25, 13, 532, 1375, 28)",384.61538461538464,2100
45459224_ny_vtd_to_63_with_5000_sims.csv,"(950, 107, 140, 7, 598, 394, 2, 54, 2139, 609)",500.0,2139
90488547_ny_vtd_to_63_with_5000_sims.csv,"(109, 3, 7, 4702, 2, 22, 155)",714.2857142857143,4702
26449824_ny_vtd_to_63_with_5000_sims.csv,"(11, 72, 16, 3083, 221, 923, 156, 120, 15, 278, 16, 22, 67)",384.61538461538464,3083
77415480_ny_vtd_to_63_with_5000_sims.csv,"(159, 4803, 38)",1666.6666666666667,4803
11105124_ny_vtd_to_63_with_5000_sims.csv,"(193, 414, 1577, 3, 1400, 37, 1175, 60, 110, 31)",500.0,1577
59759848_ny_vtd_to_63_with_5000_sims.csv,"(137, 26, 4403, 3, 431)",1000.0,4403
46709050_ny_vtd_to_63_with_5000_sims.csv,"(4071, 16, 357, 7, 1, 548)",833.3333333333334,4071
51276192_ny_vtd_to_63_with_5000_sims.csv,"(5, 4, 247, 18, 3412, 262, 17, 92, 918, 24, 1)",454.54545454545456,3412
15566650_ny_vtd_to_63_with_5000_sims.csv,"(15, 2627, 20, 2, 36, 4, 137, 351, 1545, 42, 221)",454.54545454545456,2627
98327424_ny_vtd_to_63_with_5000_sims.csv,"(2417, 1665, 177, 51, 690)",1000.0,2417
91170953_ny_vtd_to_63_with_5000_sims.csv,"(13, 13, 20, 1433, 249, 744, 175, 1411, 4, 32, 48, 155, 62, 37, 149, 455)",312.5,1433
40503430_ny_vtd_to_63_with_5000_sims.csv,"(346, 2, 1, 1, 10, 4473, 167)",714.2857142857143,4473
65365424_ny_vtd_to_63_with_5000_sims.csv,"(67, 28, 820, 1298, 70, 632, 2085)",714.2857142857143,2085
93351440_ny_vtd_to_63_with_5000_sims.csv,"(41, 1646, 2404, 477, 349, 83)",833.3333333333334,2404
43952366_ny_vtd_to_63_with_5000_sims.csv,"(7, 3507, 55, 1431)",1250.0,3507
35269596_ny_vtd_to_63_with_5000_sims.csv,"(1100, 589, 1284, 3, 1634, 3, 380, 7)",625.0,1634
8968114_ny_vtd_to_63_with_5000_sims.csv,"(728, 119, 64, 43, 1899, 1, 23, 374, 1, 1729, 19)",454.54545454545456,1899
77756584_ny_vtd_to_63_with_5000_sims.csv,"(222, 8, 38, 939, 7, 724, 3, 27, 43, 2983, 6)",454.54545454545456,2983
9812432_ny_vtd_to_63_with_5000_sims.csv,"(1, 27, 22, 4, 578, 221, 4147)",714.2857142857143,4147
65195028_ny_vtd_to_63_with_5000_sims.csv,"(2710, 58, 3, 66, 7, 511, 232, 1319, 81, 13)",500.0,2710
88474156_ny_vtd_to_63_with_5000_sims.csv,"(3422, 420, 770, 309, 73, 6)",833.3333333333334,3422
8521354_ny_vtd_to_63_with_5000_sims.csv,"(4998, 1, 1)",1666.6666666666667,4998
92562980_ny_vtd_to_63_with_5000_sims.csv,"(27, 4922, 51)",1666.6666666666667,4922
88791199_ny_vtd_to_63_with_5000_sims.csv,"(1997, 79, 6, 39, 51, 271, 1, 273, 1929, 34, 11, 86, 152, 38, 22, 11)",312.5,1997
51761518_ny_vtd_to_63_with_5000_sims.csv,"(1054, 17, 505, 5, 1, 21, 4, 355, 6, 2, 2389, 100, 541)",384.61538461538464,2389
30390361_ny_vtd_to_63_with_5000_sims.csv,"(1091, 539, 6, 2237, 58, 220, 128, 672, 49)",555.5555555555555,2237
71152436_ny_vtd_to_63_with_5000_sims.csv,"(8, 48, 79, 35, 415, 29, 4359, 13, 12, 2)",500.0,4359
21393100_ny_vtd_to_63_with_5000_sims.csv,"(1927, 34, 1565, 9, 995, 222, 90, 12, 2, 50, 6, 2, 6, 80)",357.14285714285717,1927
68293635_ny_vtd_to_63_with_5000_sims.csv,"(1812, 2253, 935)",1666.6666666666667,2253
54857088_ny_vtd_to_63_with_5000_sims.csv,"(605, 699, 666, 22, 248, 29, 1278, 591, 862)",555.5555555555555,1278
31399680_ny_vtd_to_63_with_5000_sims.csv,"(4285, 6, 60, 7, 90, 13, 6, 25, 460, 4, 35, 9)",416.6666666666667,4285
92179364_ny_vtd_to_63_with_5000_sims.csv,"(346, 43, 212, 674, 2534, 1191)",833.3333333333334,2534
63033725_ny_vtd_to_63_with_5000_sims.csv,"(1053, 155, 77, 13, 316, 697, 4, 72, 27, 575, 446, 2, 3, 1560)",357.14285714285717,1560
57423200_ny_vtd_to_63_with_5000_sims.csv,"(57, 4093, 48, 629, 117, 19, 37)",714.2857142857143,4093
88508244_ny_vtd_to_63_with_5000_sims.csv,"(6, 25, 4963, 4, 2)",1000.0,4963
99286482_ny_vtd_to_63_with_5000_sims.csv,"(36, 4, 573, 77, 585, 1, 3141, 2, 316, 20, 245)",454.54545454545456,3141
83610794_ny_vtd_to_63_with_5000_sims.csv,"(3500, 56, 79, 1098, 83, 58, 4, 122)",625.0,3500
32595216_ny_vtd_to_63_with_5000_sims.csv,"(4978, 22)",2500.0,4978
57071250_ny_vtd_to_63_with_5000_sims.csv,"(4904, 33, 55, 2, 5, 1)",833.3333333333334,4904
91302970_ny_vtd_to_63_with_5000_sims.csv,"(17, 2549, 566, 76, 33, 14, 2, 96, 3, 20, 1605, 19)",416.6666666666667,2549
95509093_ny_vtd_to_63_with_5000_sims.csv,"(422, 1, 4509, 52, 15, 1)",833.3333333333334,4509
4320400_ny_vtd_to_63_with_5000_sims.csv,"(1232, 18, 8, 22, 2, 3609, 2, 107)",625.0,3609
67306985_ny_vtd_to_63_with_5000_sims.csv,"(100, 1, 404, 15, 5, 15, 2081, 40, 2339)",555.5555555555555,2339
66104589_ny_vtd_to_63_with_5000_sims.csv,"(1, 4, 5, 129, 21, 3026, 1814)",714.2857142857143,3026
28188520_ny_vtd_to_63_with_5000_sims.csv,"(14, 7, 14, 1, 3717, 1247)",833.3333333333334,3717
27799280_ny_vtd_to_63_with_5000_sims.csv,"(2, 6, 15, 1, 164, 17, 4795)",714.2857142857143,4795
70843459_ny_vtd_to_63_with_5000_sims.csv,"(4, 99, 245, 6, 4290, 1, 73, 26, 256)",555.5555555555555,4290
63709729_ny_vtd_to_63_with_5000_sims.csv,"(59, 81, 331, 1, 542, 146, 2086, 16, 230, 30, 39, 19, 23, 1397)",357.14285714285717,2086
25832548_ny_vtd_to_63_with_5000_sims.csv,"(32, 127, 400, 15, 49, 4023, 81, 92, 181)",555.5555555555555,4023
39778956_ny_vtd_to_63_with_5000_sims.csv,"(198, 147, 37, 4, 2829, 5, 1780)",714.2857142857143,2829
61702804_ny_vtd_to_63_with_5000_sims.csv,"(4322, 520, 33, 125)",1250.0,4322
30364476_ny_vtd_to_63_with_5000_sims.csv,"(14, 172, 4656, 73, 78, 7)",833.3333333333334,4656
38005603_ny_vtd_to_63_with_5000_sims.csv,"(318, 44, 3, 2, 4632, 1)",833.3333333333334,4632
91856280_ny_vtd_to_63_with_5000_sims.csv,"(15, 18, 428, 62, 110, 774, 26, 3032, 395, 72, 26, 15, 27)",384.61538461538464,3032
89250137_ny_vtd_to_63_with_5000_sims.csv,"(23, 40, 5, 4833, 2, 2, 1, 1, 90, 3)",500.0,4833
25207658_ny_vtd_to_63_with_5000_sims.csv,"(124, 18, 713, 29, 7, 39, 17, 4052, 1)",555.5555555555555,4052
45381280_ny_vtd_to_63_with_5000_sims.csv,"(1117, 31, 25, 126, 736, 67, 105, 45, 2048, 346, 4, 350)",416.6666666666667,2048
88971540_ny_vtd_to_63_with_5000_sims.csv,"(2, 579, 14, 343, 519, 6, 25, 3293, 178, 41)",500.0,3293
73194586_ny_vtd_to_63_with_5000_sims.csv,"(366, 264, 1, 78, 5, 2, 77, 34, 3464, 267, 47, 354, 41)",384.61538461538464,3464
90630401_ny_vtd_to_63_with_5000_sims.csv,"(4, 11, 27, 202, 3030, 141, 41, 3, 60, 45, 1436)",454.54545454545456,3030
94306480_ny_vtd_to_63_with_5000_sims.csv,"(29, 1, 6, 1, 4883, 80)",833.3333333333334,4883
14017061_ny_vtd_to_63_with_5000_sims.csv,"(5000,)",5000.0,5000
37658692_ny_vtd_to_63_with_5000_sims.csv,"(21, 204, 3427, 1345, 3)",1000.0,3427
30218450_ny_vtd_to_63_with_5000_sims.csv,"(41, 4527, 24, 21, 87, 124, 79, 1, 1, 1, 7, 82, 5)",384.61538461538464,4527
14328277_ny_vtd_to_63_with_5000_sims.csv,"(4975, 3, 10, 12)",1250.0,4975
11812604_ny_vtd_to_63_with_5000_sims.csv,"(2427, 455, 93, 1, 1822, 77, 125)",714.2857142857143,2427
22925902_ny_vtd_to_63_with_5000_sims.csv,"(66, 3185, 1286, 279, 184)",1000.0,3185
71096889_ny_vtd_to_63_with_5000_sims.csv,"(13, 7, 53, 4922, 1, 4)",833.3333333333334,4922
4113288_ny_vtd_to_63_with_5000_sims.csv,"(6, 1089, 282, 6, 232, 112, 5, 1797, 1471)",555.5555555555555,1797
9336746_ny_vtd_to_63_with_5000_sims.csv,"(198, 1677, 109, 1136, 32, 25, 1062, 192, 505, 64)",500.0,1677
23255168_ny_vtd_to_63_with_5000_sims.csv,"(23, 4716, 10, 15, 100, 1, 8, 109, 18)",555.5555555555555,4716
99291045_ny_vtd_to_63_with_5000_sims.csv,"(94, 3, 1032, 3548, 6, 317)",833.3333333333334,3548
56170448_ny_vtd_to_63_with_5000_sims.csv,"(63, 38, 19, 2, 4745, 96, 3, 32, 2)",555.5555555555555,4745
30352896_ny_vtd_to_63_with_5000_sims.csv,"(162, 8, 5, 31, 4727, 67)",833.3333333333334,4727
1975160_ny_vtd_to_63_with_5000_sims.csv,"(3, 24, 337, 387, 6, 4243)",833.3333333333334,4243
17419688_ny_vtd_to_63_with_5000_sims.csv,"(9, 5, 4928, 58)",1250.0,4928
48084591_ny_vtd_to_63_with_5000_sims.csv,"(3, 62, 1843, 13, 101, 77, 2845, 11, 25, 1, 18, 1)",416.6666666666667,2845
55350060_ny_vtd_to_63_with_5000_sims.csv,"(17, 42, 37, 4573, 2, 182, 19, 9, 33, 62, 2, 22)",416.6666666666667,4573
69286515_ny_vtd_to_63_with_5000_sims.csv,"(181, 1, 1742, 6, 62, 300, 532, 290, 954, 9, 454, 56, 57, 1, 299, 56)",312.5,1742
87079440_ny_vtd_to_63_with_5000_sims.csv,"(913, 465, 7, 1173, 1196, 19, 8, 5, 1188, 26)",500.0,1196
63160342_ny_vtd_to_63_with_5000_sims.csv,"(923, 3238, 13, 222, 1, 488, 115)",714.2857142857143,3238
83806092_ny_vtd_to_63_with_5000_sims.csv,"(228, 7, 13, 2005, 369, 7, 3, 7, 1680, 233, 375, 73)",416.6666666666667,2005
50331152_ny_vtd_to_63_with_5000_sims.csv,"(44, 37, 121, 12, 19, 24, 4617, 1, 70, 5, 50)",454.54545454545456,4617
25096035_ny_vtd_to_63_with_5000_sims.csv,"(53, 25, 19, 37, 5, 4163, 31, 628, 5, 34)",500.0,4163
87714076_ny_vtd_to_63_with_5000_sims.csv,"(3, 1, 97, 18, 307, 3283, 383, 908)",625.0,3283
4730331_ny_vtd_to_63_with_5000_sims.csv,"(1, 11, 4988)",1666.6666666666667,4988
31861680_ny_vtd_to_63_with_5000_sims.csv,"(1, 4709, 25, 28, 22, 28, 187)",714.2857142857143,4709
31033896_ny_vtd_to_63_with_5000_sims.csv,"(51, 333, 466, 91, 3707, 234, 118)",714.2857142857143,3707
34207552_ny_vtd_to_63_with_5000_sims.csv,"(5, 8, 72, 144, 3887, 14, 25, 415, 6, 2, 422)",454.54545454545456,3887
93906742_ny_vtd_to_63_with_5000_sims.csv,"(3, 177, 3, 1659, 46, 28, 2910, 160, 3, 11)",500.0,2910
44498374_ny_vtd_to_63_with_5000_sims.csv,"(1, 71, 533, 3, 179, 72, 4100, 5, 11, 25)",500.0,4100
36030463_ny_vtd_to_63_with_5000_sims.csv,"(528, 116, 113, 39, 83, 3890, 231)",714.2857142857143,3890
99918696_ny_vtd_to_63_with_5000_sims.csv,"(484, 6, 89, 1956, 83, 1, 9, 4, 265, 2, 2047, 3, 51)",384.61538461538464,2047
46335240_ny_vtd_to_63_with_5000_sims.csv,"(1977, 12, 2621, 345, 2, 20, 23)",714.2857142857143,2621
96429750_ny_vtd_to_63_with_5000_sims.csv,"(3190, 200, 1, 116, 7, 382, 38, 1066)",625.0,3190
14107250_ny_vtd_to_63_with_5000_sims.csv,"(272, 4727, 1)",1666.6666666666667,4727
51944440_ny_vtd_to_63_with_5000_sims.csv,"(56, 87, 10, 4736, 111)",1000.0,4736
36020829_ny_vtd_to_63_with_5000_sims.csv,"(12, 4859, 129)",1666.6666666666667,4859
32763250_ny_vtd_to_63_with_5000_sims.csv,"(417, 118, 3, 4462)",1250.0,4462
9498691_ny_vtd_to_63_with_5000_sims.csv,"(3, 11, 125, 95, 2, 1, 7, 4472, 284)",555.5555555555555,4472
64018545_ny_vtd_to_63_with_5000_sims.csv,"(3, 189, 69, 4687, 47, 5)",833.3333333333334,4687
48918219_ny_vtd_to_63_with_5000_sims.csv,"(21, 372, 3, 1148, 6, 51, 3, 3, 2871, 18, 40, 464)",416.6666666666667,2871
68729018_ny_vtd_to_63_with_5000_sims.csv,"(5000,)",5000.0,5000
88304512_ny_vtd_to_63_with_5000_sims.csv,"(167, 3633, 17, 15, 529, 25, 35, 578, 1)",555.5555555555555,3633
16103758_ny_vtd_to_63_with_5000_sims.csv,"(3, 1866, 69, 38, 3, 36, 568, 63, 701, 434, 21, 1195, 3)",384.61538461538464,1866
57814218_ny_vtd_to_63_with_5000_sims.csv,"(676, 143, 90, 43, 36, 15, 284, 771, 1, 114, 8, 17, 45, 1, 2756)",333.3333333333333,2756
60777756_ny_vtd_to_63_with_5000_sims.csv,"(4994, 3, 3)",1666.6666666666667,4994
89780875_ny_vtd_to_63_with_5000_sims.csv,"(3, 1188, 217, 1, 2, 3249, 44, 37, 10, 14, 235)",454.54545454545456,3249
41106045_ny_vtd_to_63_with_5000_sims.csv,"(3, 2367, 6, 5, 4, 386, 2, 3, 40, 4, 43, 2137)",416.6666666666667,2367
30146700_ny_vtd_to_63_with_5000_sims.csv,"(2377, 12, 167, 11, 35, 241, 26, 962, 276, 893)",500.0,2377
21566496_ny_vtd_to_63_with_5000_sims.csv,"(4954, 28, 18)",1666.6666666666667,4954
32297950_ny_vtd_to_63_with_5000_sims.csv,"(2, 4998)",2500.0,4998
2293507_ny_vtd_to_63_with_5000_sims.csv,"(236, 10, 94, 1475, 26, 6, 2103, 8, 41, 37, 10, 11, 6, 827, 49, 52, 9)",294.11764705882354,2103
99684520_ny_vtd_to_63_with_5000_sims.csv,"(980, 141, 3621, 2, 256)",1000.0,3621
9598632_ny_vtd_to_63_with_5000_sims.csv,"(80, 132, 36, 917, 334, 3359, 142)",714.2857142857143,3359
33623788_ny_vtd_to_63_with_5000_sims.csv,"(2, 3137, 140, 8, 2, 534, 47, 2, 1, 7, 14, 58, 9, 1, 7, 1, 28, 24, 978)",263.1578947368421,3137
79446848_ny_vtd_to_63_with_5000_sims.csv,"(157, 2187, 16, 3, 84, 11, 92, 347, 15, 168, 3, 4, 1913)",384.61538461538464,2187
68309340_ny_vtd_to_63_with_5000_sims.csv,"(874, 2, 3722, 4, 76, 24, 293, 5)",625.0,3722
2076610_ny_vtd_to_63_with_5000_sims.csv,"(98, 311, 4485, 8, 76, 2, 4, 16)",625.0,4485
16494080_ny_vtd_to_63_with_5000_sims.csv,"(464, 42, 5, 21, 14, 23, 97, 2, 11, 3, 35, 3489, 791, 3)",357.14285714285717,3489
50624293_ny_vtd_to_63_with_5000_sims.csv,"(853, 4147)",2500.0,4147
38183030_ny_vtd_to_63_with_5000_sims.csv,"(109, 14, 1109, 5, 3763)",1000.0,3763
41994920_ny_vtd_to_63_with_5000_sims.csv,"(24, 2, 15, 4959)",1250.0,4959
29204884_ny_vtd_to_63_with_5000_sims.csv,"(2, 40, 104, 678, 1, 307, 5, 62, 3160, 641)",500.0,3160
15363315_ny_vtd_to_63_with_5000_sims.csv,"(185, 28, 6, 2159, 2591, 2, 20, 9)",625.0,2591
48016534_ny_vtd_to_63_with_5000_sims.csv,"(73, 4810, 117)",1666.6666666666667,4810
97203676_ny_vtd_to_63_with_5000_sims.csv,"(1041, 9, 118, 213, 1021, 60, 161, 425, 1925, 16, 11)",454.54545454545456,1925
2264208_ny_vtd_to_63_with_5000_sims.csv,"(35, 74, 8, 133, 334, 3, 8, 306, 657, 6, 3083, 351, 2)",384.61538461538464,3083
26437688_ny_vtd_to_63_with_5000_sims.csv,"(44, 648, 4293, 4, 1, 10)",833.3333333333334,4293
33598318_ny_vtd_to_63_with_5000_sims.csv,"(4369, 4, 545, 82)",1250.0,4369
87557600_ny_vtd_to_63_with_5000_sims.csv,"(2, 105, 1, 384, 119, 4389)",833.3333333333334,4389
62251925_ny_vtd_to_63_with_5000_sims.csv,"(28, 3068, 179, 13, 1, 1701, 10)",714.2857142857143,3068
59887380_ny_vtd_to_63_with_5000_sims.csv,"(24, 7, 554, 2, 4355, 6, 52)",714.2857142857143,4355
50942680_ny_vtd_to_63_with_5000_sims.csv,"(25, 960, 95, 582, 2643, 40, 166, 128, 21, 1, 26, 4, 1, 261, 47)",333.3333333333333,2643
20989580_ny_vtd_to_63_with_5000_sims.csv,"(1727, 3, 320, 13, 14, 782, 801, 1340)",625.0,1727
75573844_ny_vtd_to_63_with_5000_sims.csv,"(4449, 10, 541)",1666.6666666666667,4449
43901638_ny_vtd_to_63_with_5000_sims.csv,"(23, 593, 633, 38, 8, 1928, 763, 4, 1, 235, 423, 14, 10, 109, 172, 39, 7)",294.11764705882354,1928
78324970_ny_vtd_to_63_with_5000_sims.csv,"(260, 141, 1, 1712, 42, 217, 696, 72, 1656, 27, 4, 149, 23)",384.61538461538464,1712
58020598_ny_vtd_to_63_with_5000_sims.csv,"(2615, 94, 2254, 37)",1250.0,2615
62430840_ny_vtd_to_63_with_5000_sims.csv,"(1, 38, 1789, 12, 2837, 68, 9, 246)",625.0,2837
82327072_ny_vtd_to_63_with_5000_sims.csv,"(43, 1, 89, 862, 307, 1310, 228, 1, 1, 8, 203, 1947)",416.6666666666667,1947
66073392_ny_vtd_to_63_with_5000_sims.csv,"(140, 1474, 13, 108, 3265)",1000.0,3265
36669050_ny_vtd_to_63_with_5000_sims.csv,"(1206, 1, 3769, 13, 10, 1)",833.3333333333334,3769
78800288_ny_vtd_to_63_with_5000_sims.csv,"(4965, 7, 28)",1666.6666666666667,4965
43502641_ny_vtd_to_63_with_5000_sims.csv,"(16, 1, 1, 350, 4507, 125)",833.3333333333334,4507
2135558_ny_vtd_to_63_with_5000_sims.csv,"(191, 111, 36, 381, 1710, 314, 44, 2176, 37)",555.5555555555555,2176
33805578_ny_vtd_to_63_with_5000_sims.csv,"(7, 1, 200, 4792)",1250.0,4792
90870752_ny_vtd_to_63_with_5000_sims.csv,"(3, 183, 28, 2440, 2310, 9, 14, 13)",625.0,2440
73810175_ny_vtd_to_63_with_5000_sims.csv,"(133, 15, 31, 438, 86, 123, 61, 386, 12, 6, 16, 142, 3551)",384.61538461538464,3551
45751948_ny_vtd_to_63_with_5000_sims.csv,"(42, 3500, 383, 990, 85)",1000.0,3500
1267480_ny_vtd_to_63_with_5000_sims.csv,"(58, 60, 2280, 117, 10, 53, 412, 1770, 240)",555.5555555555555,2280
39350172_ny_vtd_to_63_with_5000_sims.csv,"(3, 121, 1, 407, 570, 499, 22, 19, 1708, 1162, 2, 18, 45, 8, 415)",333.3333333333333,1708
41183520_ny_vtd_to_63_with_5000_sims.csv,"(36, 43, 6, 25, 4606, 135, 149)",714.2857142857143,4606
91344435_ny_vtd_to_63_with_5000_sims.csv,"(189, 5, 4, 4309, 199, 72, 7, 203, 12)",555.5555555555555,4309
14122760_ny_vtd_to_63_with_5000_sims.csv,"(16, 1316, 2, 26, 9, 207, 6, 1021, 1666, 1, 115, 25, 590)",384.61538461538464,1666
806288_ny_vtd_to_63_with_5000_sims.csv,"(389, 6, 19, 3, 1, 3, 210, 2, 2919, 281, 1147, 20)",416.6666666666667,2919
6613491_ny_vtd_to_63_with_5000_sims.csv,"(31, 707, 3, 80, 34, 2214, 27, 197, 1221, 486)",500.0,2214
6979499_ny_vtd_to_63_with_5000_sims.csv,"(2, 24, 546, 15, 3978, 389, 13, 33)",625.0,3978
37875535_ny_vtd_to_63_with_5000_sims.csv,"(148, 979, 38, 3834, 1)",1000.0,3834
48133785_ny_vtd_to_63_with_5000_sims.csv,"(290, 3635, 1, 2, 230, 837, 5)",714.2857142857143,3635
74615860_ny_vtd_to_63_with_5000_sims.csv,"(1343, 4, 415, 204, 236, 2624, 132, 42)",625.0,2624
5313320_ny_vtd_to_63_with_5000_sims.csv,"(253, 126, 3, 4527, 91)",1000.0,4527
57350304_ny_vtd_to_63_with_5000_sims.csv,"(83, 53, 105, 2877, 1882)",1000.0,2877
43783379_ny_vtd_to_63_with_5000_sims.csv,"(1, 12, 783, 4075, 125, 4)",833.3333333333334,4075
67435156_ny_vtd_to_63_with_5000_sims.csv,"(31, 1105, 6, 324, 3534)",1000.0,3534
25498943_ny_vtd_to_63_with_5000_sims.csv,"(1383, 3617)",2500.0,3617
96668019_ny_vtd_to_63_with_5000_sims.csv,"(101, 559, 117, 29, 9, 4, 56, 4105, 1, 19)",500.0,4105
60056090_ny_vtd_to_63_with_5000_sims.csv,"(49, 3, 74, 11, 22, 4500, 335, 6)",625.0,4500
9905406_ny_vtd_to_63_with_5000_sims.csv,"(13, 167, 55, 4762, 3)",1000.0,4762
79677936_ny_vtd_to_63_with_5000_sims.csv,"(210, 288, 17, 4436, 48, 1)",833.3333333333334,4436
78544475_ny_vtd_to_63_with_5000_sims.csv,"(2, 82, 68, 5, 5, 2489, 393, 1912, 44)",555.5555555555555,2489
93696847_ny_vtd_to_63_with_5000_sims.csv,"(1, 325, 272, 478, 759, 2384, 2, 110, 1, 8, 220, 39, 401)",384.61538461538464,2384
77923970_ny_vtd_to_63_with_5000_sims.csv,"(3, 98, 5, 24, 7, 1, 4157, 58, 543, 2, 15, 87)",416.6666666666667,4157
31531712_ny_vtd_to_63_with_5000_sims.csv,"(1282, 694, 21, 744, 1287, 30, 228, 10, 704)",555.5555555555555,1287
5056008_ny_vtd_to_63_with_5000_sims.csv,"(219, 8, 1, 1, 191, 4396, 144, 38, 2)",555.5555555555555,4396
55315352_ny_vtd_to_63_with_5000_sims.csv,"(2802, 4, 3, 18, 385, 49, 15, 647, 70, 610, 397)",454.54545454545456,2802
60729075_ny_vtd_to_63_with_5000_sims.csv,"(14, 3, 584, 4004, 395)",1000.0,4004
6618182_ny_vtd_to_63_with_5000_sims.csv,"(4, 2765, 10, 1070, 847, 304)",833.3333333333334,2765
12383652_ny_vtd_to_63_with_5000_sims.csv,"(7, 12, 91, 13, 284, 28, 4012, 255, 148, 7, 142, 1)",416.6666666666667,4012
31489024_ny_vtd_to_63_with_5000_sims.csv,"(4276, 170, 133, 195, 184, 18, 24)",714.2857142857143,4276
11740672_ny_vtd_to_63_with_5000_sims.csv,"(1, 81, 109, 12, 16, 292, 3524, 239, 18, 7, 701)",454.54545454545456,3524
35986712_ny_vtd_to_63_with_5000_sims.csv,"(230, 3, 3433, 1, 282, 2, 2, 328, 336, 15, 44, 16, 13, 295)",357.14285714285717,3433
70207904_ny_vtd_to_63_with_5000_sims.csv,"(219, 7, 3, 11, 2780, 1278, 354, 56, 280, 12)",500.0,2780
82060550_ny_vtd_to_63_with_5000_sims.csv,"(780, 2, 3247, 255, 1, 10, 705)",714.2857142857143,3247
63299260_ny_vtd_to_63_with_5000_sims.csv,"(15, 6, 10, 203, 103, 4621, 32, 5, 5)",555.5555555555555,4621
11637852_ny_vtd_to_63_with_5000_sims.csv,"(631, 5, 18, 2941, 1364, 18, 3, 20)",625.0,2941
42729500_ny_vtd_to_63_with_5000_sims.csv,"(45, 30, 43, 61, 2692, 1, 2, 702, 675, 7, 442, 8, 87, 17, 7, 12, 59, 110)",277.77777777777777,2692
11589085_ny_vtd_to_63_with_5000_sims.csv,"(2, 53, 1, 1145, 87, 2771, 2, 102, 416, 232, 7, 1, 132, 2, 47)",333.3333333333333,2771
35100646_ny_vtd_to_63_with_5000_sims.csv,"(131, 16, 166, 2669, 1113, 905)",833.3333333333334,2669
31188200_ny_vtd_to_63_with_5000_sims.csv,"(1128, 5, 713, 34, 2251, 129, 478, 4, 9, 249)",500.0,2251
31898898_ny_vtd_to_63_with_5000_sims.csv,"(478, 425, 608, 10, 1, 2, 1047, 1475, 59, 885, 9, 1)",416.6666666666667,1475
823530_ny_vtd_to_63_with_5000_sims.csv,"(201, 6, 235, 109, 41, 52, 3953, 403)",625.0,3953
7864338_ny_vtd_to_63_with_5000_sims.csv,"(2398, 26, 20, 1529, 1, 29, 261, 64, 672)",555.5555555555555,2398
12327900_ny_vtd_to_63_with_5000_sims.csv,"(4, 169, 1, 27, 3031, 13, 28, 662, 83, 976, 6)",454.54545454545456,3031
61270098_ny_vtd_to_63_with_5000_sims.csv,"(4540, 14, 3, 233, 189, 3, 16, 2)",625.0,4540
34841068_ny_vtd_to_63_with_5000_sims.csv,"(12, 5, 9, 1, 4, 13, 21, 28, 4907)",555.5555555555555,4907
10016325_ny_vtd_to_63_with_5000_sims.csv,"(310, 2, 28, 1, 838, 80, 300, 1056, 1096, 356, 169, 62, 702)",384.61538461538464,1096
77584338_ny_vtd_to_63_with_5000_sims.csv,"(2436, 29, 106, 2429)",1250.0,2436
49884500_ny_vtd_to_63_with_5000_sims.csv,"(102, 416, 3, 7, 63, 34, 363, 2883, 14, 1018, 1, 4, 8, 84)",357.14285714285717,2883
42221857_ny_vtd_to_63_with_5000_sims.csv,"(29, 3499, 1059, 293, 32, 88)",833.3333333333334,3499
17240553_ny_vtd_to_63_with_5000_sims.csv,"(67, 8, 11, 95, 14, 1272, 198, 53, 15, 63, 21, 1, 3165, 17)",357.14285714285717,3165
32903570_ny_vtd_to_63_with_5000_sims.csv,"(92, 1, 43, 73, 2, 268, 221, 8, 4292)",555.5555555555555,4292
98923734_ny_vtd_to_63_with_5000_sims.csv,"(3, 21, 381, 157, 7, 318, 304, 3735, 74)",555.5555555555555,3735
79704230_ny_vtd_to_63_with_5000_sims.csv,"(1, 4, 120, 4112, 752, 11)",833.3333333333334,4112
77116732_ny_vtd_to_63_with_5000_sims.csv,"(789, 130, 10, 3, 37, 2209, 9, 841, 10, 687, 275)",454.54545454545456,2209
78837172_ny_vtd_to_63_with_5000_sims.csv,"(4, 171, 4784, 15, 26)",1000.0,4784
50359816_ny_vtd_to_63_with_5000_sims.csv,"(623, 2177, 951, 186, 29, 215, 6, 779, 19, 15)",500.0,2177
40088641_ny_vtd_to_63_with_5000_sims.csv,"(66, 74, 302, 254, 4, 11, 4289)",714.2857142857143,4289
41990816_ny_vtd_to_63_with_5000_sims.csv,"(33, 3731, 9, 6, 53, 2, 5, 1, 255, 39, 2, 8, 10, 846)",357.14285714285717,3731
48754944_ny_vtd_to_63_with_5000_sims.csv,"(13, 17, 1, 551, 5, 20, 4300, 93)",625.0,4300
25004552_ny_vtd_to_63_with_5000_sims.csv,"(44, 8, 1462, 1321, 1, 2164)",833.3333333333334,2164
40381509_ny_vtd_to_63_with_5000_sims.csv,"(2357, 28, 412, 320, 1883)",1000.0,2357
55694724_ny_vtd_to_63_with_5000_sims.csv,"(371, 7, 4, 172, 26, 2952, 30, 10, 57, 186, 149, 1036)",416.6666666666667,2952
19234404_ny_vtd_to_63_with_5000_sims.csv,"(94, 102, 129, 1, 223, 6, 4, 163, 608, 3670)",500.0,3670
94811623_ny_vtd_to_63_with_5000_sims.csv,"(503, 620, 16, 590, 3, 4, 1190, 307, 23, 9, 1160, 2, 42, 364, 167)",333.3333333333333,1190
87789004_ny_vtd_to_63_with_5000_sims.csv,"(1457, 1, 1, 14, 1944, 1076, 36, 204, 267)",555.5555555555555,1944
2469966_ny_vtd_to_63_with_5000_sims.csv,"(1698, 2946, 356)",1666.6666666666667,2946
369438_ny_vtd_to_63_with_5000_sims.csv,"(3678, 1, 1315, 6)",1250.0,3678
44288788_ny_vtd_to_63_with_5000_sims.csv,"(2, 3166, 23, 1751, 58)",1000.0,3166
57050550_ny_vtd_to_63_with_5000_sims.csv,"(2401, 9, 8, 1334, 770, 36, 154, 10, 278)",555.5555555555555,2401
29938438_ny_vtd_to_63_with_5000_sims.csv,"(56, 4296, 485, 163)",1250.0,4296
23281662_ny_vtd_to_63_with_5000_sims.csv,"(787, 228, 15, 951, 464, 203, 6, 2, 20, 846, 8, 45, 5, 521, 739, 160)",312.5,951
14092932_ny_vtd_to_63_with_5000_sims.csv,"(690, 1972, 1822, 2, 132, 59, 43, 11, 124, 138, 7)",454.54545454545456,1972
96471136_ny_vtd_to_63_with_5000_sims.csv,"(1526, 15, 720, 1209, 4, 4, 119, 162, 1241)",555.5555555555555,1526
55884560_ny_vtd_to_63_with_5000_sims.csv,"(80, 120, 12, 84, 282, 2883, 1, 400, 1138)",555.5555555555555,2883
14786430_ny_vtd_to_63_with_5000_sims.csv,"(4278, 23, 692, 3, 4)",1000.0,4278
1615383_ny_vtd_to_63_with_5000_sims.csv,"(492, 6, 2, 1193, 110, 73, 54, 107, 16, 2543, 33, 180, 187, 4)",357.14285714285717,2543
65089491_ny_vtd_to_63_with_5000_sims.csv,"(30, 4288, 8, 173, 419, 82)",833.3333333333334,4288
52129644_ny_vtd_to_63_with_5000_sims.csv,"(31, 1616, 325, 404, 248, 145, 154, 954, 469, 601, 34, 19)",416.6666666666667,1616
36011634_ny_vtd_to_63_with_5000_sims.csv,"(4, 4, 5, 2, 2, 9, 1, 4, 8, 10, 18, 635, 4208, 38, 3, 2, 1, 39, 2, 5)",250.0,4208
77668696_ny_vtd_to_63_with_5000_sims.csv,"(32, 158, 9, 1037, 140, 2469, 18, 543, 25, 569)",500.0,2469
61113216_ny_vtd_to_63_with_5000_sims.csv,"(3347, 1560, 43, 3, 1, 46)",833.3333333333334,3347
95116839_ny_vtd_to_63_with_5000_sims.csv,"(349, 4651)",2500.0,4651
25408000_ny_vtd_to_63_with_5000_sims.csv,"(376, 7, 1276, 10, 74, 1597, 518, 3, 1, 56, 346, 20, 716)",384.61538461538464,1597
38751306_ny_vtd_to_63_with_5000_sims.csv,"(5, 133, 28, 968, 1, 1145, 2211, 509)",625.0,2211
8961468_ny_vtd_to_63_with_5000_sims.csv,"(4195, 433, 114, 8, 34, 13, 23, 43, 35, 26, 76)",454.54545454545456,4195
38225664_ny_vtd_to_63_with_5000_sims.csv,"(7, 74, 52, 23, 33, 68, 4743)",714.2857142857143,4743
94734424_ny_vtd_to_63_with_5000_sims.csv,"(10, 62, 2, 90, 374, 1383, 1, 62, 18, 1086, 5, 77, 3, 1082, 611, 46, 88)",294.11764705882354,1383
99292676_ny_vtd_to_63_with_5000_sims.csv,"(2373, 1558, 2, 47, 96, 4, 287, 633)",625.0,2373
74097862_ny_vtd_to_63_with_5000_sims.csv,"(36, 1711, 1, 3252)",1250.0,3252
68640645_ny_vtd_to_63_with_5000_sims.csv,"(327, 9, 68, 4526, 70)",1000.0,4526
80922815_ny_vtd_to_63_with_5000_sims.csv,"(4985, 1, 1, 12, 1)",1000.0,4985
74031600_ny_vtd_to_63_with_5000_sims.csv,"(91, 318, 24, 3384, 1183)",1000.0,3384
50523098_ny_vtd_to_63_with_5000_sims.csv,"(379, 1, 1560, 2279, 20, 7, 5, 41, 708)",555.5555555555555,2279
19700700_ny_vtd_to_63_with_5000_sims.csv,"(3, 51, 815, 39, 456, 167, 3308, 161)",625.0,3308
94299884_ny_vtd_to_63_with_5000_sims.csv,"(202, 5, 1, 4, 114, 3, 53, 4588, 30)",555.5555555555555,4588
62486006_ny_vtd_to_63_with_5000_sims.csv,"(1778, 11, 2, 2660, 232, 2, 297, 7, 5, 6)",500.0,2660
2356114_ny_vtd_to_63_with_5000_sims.csv,"(28, 2, 69, 47, 448, 66, 275, 1, 26, 2629, 1403, 1, 5)",384.61538461538464,2629
11688180_ny_vtd_to_63_with_5000_sims.csv,"(2, 17, 424, 83, 2374, 19, 2, 1174, 5, 671, 229)",454.54545454545456,2374
56609775_ny_vtd_to_63_with_5000_sims.csv,"(33, 12, 609, 9, 103, 4199, 35)",714.2857142857143,4199
76629660_ny_vtd_to_63_with_5000_sims.csv,"(1, 60, 1191, 3748)",1250.0,3748
70144989_ny_vtd_to_63_with_5000_sims.csv,"(247, 1, 385, 2184, 5, 72, 11, 3, 22, 235, 1602, 42, 18, 173)",357.14285714285717,2184
18368650_ny_vtd_to_63_with_5000_sims.csv,"(2, 71, 23, 22, 169, 4045, 152, 198, 318)",555.5555555555555,4045
75968348_ny_vtd_to_63_with_5000_sims.csv,"(209, 6, 1690, 28, 160, 13, 1720, 1126, 48)",555.5555555555555,1720
51513735_ny_vtd_to_63_with_5000_sims.csv,"(9, 50, 4, 4722, 130, 80, 2, 2, 1)",555.5555555555555,4722
99271715_ny_vtd_to_63_with_5000_sims.csv,"(20, 50, 3215, 11, 4, 137, 612, 38, 10, 201, 111, 247, 344)",384.61538461538464,3215
34825566_ny_vtd_to_63_with_5000_sims.csv,"(62, 102, 1, 369, 111, 791, 135, 1073, 54, 39, 2239, 15, 9)",384.61538461538464,2239
92296764_ny_vtd_to_63_with_5000_sims.csv,"(11, 249, 3367, 1, 1372)",1000.0,3367
4554445_ny_vtd_to_63_with_5000_sims.csv,"(5, 45, 58, 26, 24, 66, 14, 3266, 4, 973, 519)",454.54545454545456,3266
84600126_ny_vtd_to_63_with_5000_sims.csv,"(64, 1, 32, 159, 36, 109, 345, 1235, 3019)",555.5555555555555,3019
97046560_ny_vtd_to_63_with_5000_sims.csv,"(1, 128, 4794, 77)",1250.0,4794
29020760_ny_vtd_to_63_with_5000_sims.csv,"(10, 31, 59, 32, 16, 1075, 12, 3727, 27, 1, 9, 1)",416.6666666666667,3727
32685280_ny_vtd_to_63_with_5000_sims.csv,"(43, 75, 2292, 3, 3, 312, 111, 4, 168, 1989)",500.0,2292
21053948_ny_vtd_to_63_with_5000_sims.csv,"(5000,)",5000.0,5000
84037600_ny_vtd_to_63_with_5000_sims.csv,"(26, 26, 3446, 1502)",1250.0,3446
28551640_ny_vtd_to_63_with_5000_sims.csv,"(229, 6, 2194, 6, 1844, 3, 718)",714.2857142857143,2194
68193210_ny_vtd_to_63_with_5000_sims.csv,"(168, 1, 1802, 110, 24, 1442, 187, 1200, 63, 2, 1)",454.54545454545456,1802
8118852_ny_vtd_to_63_with_5000_sims.csv,"(7, 25, 1, 8, 2311, 2648)",833.3333333333334,2648
19558701_ny_vtd_to_63_with_5000_sims.csv,"(9, 155, 4836)",1666.6666666666667,4836
77891970_ny_vtd_to_63_with_5000_sims.csv,"(47, 212, 8, 1150, 2, 2106, 272, 1190, 13)",555.5555555555555,2106
76938614_ny_vtd_to_63_with_5000_sims.csv,"(4819, 181)",2500.0,4819
58530271_ny_vtd_to_63_with_5000_sims.csv,"(9, 4, 3, 7, 13, 1, 4903, 12, 15, 33)",500.0,4903
43370010_ny_vtd_to_63_with_5000_sims.csv,"(7, 47, 64, 4524, 24, 3, 12, 27, 3, 197, 92)",454.54545454545456,4524
80316875_ny_vtd_to_63_with_5000_sims.csv,"(1, 7, 9, 1, 1442, 3514, 1, 10, 9, 3, 2, 1)",416.6666666666667,3514
7978400_ny_vtd_to_63_with_5000_sims.csv,"(4705, 28, 203, 24, 40)",1000.0,4705
7750750_ny_vtd_to_63_with_5000_sims.csv,"(4693, 191, 3, 18, 23, 72)",833.3333333333334,4693
13576958_ny_vtd_to_63_with_5000_sims.csv,"(8, 269, 282, 239, 4171, 23, 8)",714.2857142857143,4171
35378880_ny_vtd_to_63_with_5000_sims.csv,"(2566, 1163, 7, 1264)",1250.0,2566
28196568_ny_vtd_to_63_with_5000_sims.csv,"(70, 7, 25, 2610, 12, 107, 5, 5, 817, 409, 2, 27, 344, 49, 511)",333.3333333333333,2610
7536625_ny_vtd_to_63_with_5000_sims.csv,"(1586, 11, 3, 247, 2885, 9, 44, 204, 11)",555.5555555555555,2885
98939096_ny_vtd_to_63_with_5000_sims.csv,"(17, 4606, 27, 58, 2, 278, 6, 6)",625.0,4606
55744631_ny_vtd_to_63_with_5000_sims.csv,"(1278, 1725, 218, 15, 69, 1695)",833.3333333333334,1725
29570278_ny_vtd_to_63_with_5000_sims.csv,"(43, 1755, 815, 2, 5, 4, 51, 16, 2292, 16, 1)",454.54545454545456,2292
2289792_ny_vtd_to_63_with_5000_sims.csv,"(32, 1, 2672, 4, 1493, 55, 3, 1, 685, 41, 13)",454.54545454545456,2672
23306298_ny_vtd_to_63_with_5000_sims.csv,"(1, 1227, 1, 1, 233, 9, 64, 109, 99, 3, 4, 2, 3247)",384.61538461538464,3247
93762600_ny_vtd_to_63_with_5000_sims.csv,"(151, 1326, 3523)",1666.6666666666667,3523
16861329_ny_vtd_to_63_with_5000_sims.csv,"(1, 2, 4997)",1666.6666666666667,4997
13216830_ny_vtd_to_63_with_5000_sims.csv,"(9, 7, 27, 2, 154, 65, 4514, 2, 9, 211)",500.0,4514
73161261_ny_vtd_to_63_with_5000_sims.csv,"(157, 68, 1056, 48, 1486, 214, 553, 1394, 4, 20)",500.0,1486
85203985_ny_vtd_to_63_with_5000_sims.csv,"(2171, 73, 1904, 7, 39, 75, 38, 230, 442, 21)",500.0,2171
71159750_ny_vtd_to_63_with_5000_sims.csv,"(1357, 3155, 204, 8, 106, 14, 106, 50)",625.0,3155
40367024_ny_vtd_to_63_with_5000_sims.csv,"(1, 2050, 3, 10, 2755, 181)",833.3333333333334,2755
69447650_ny_vtd_to_63_with_5000_sims.csv,"(35, 220, 1, 13, 286, 181, 3, 1476, 4, 43, 185, 2434, 83, 28, 8)",333.3333333333333,2434
37486165_ny_vtd_to_63_with_5000_sims.csv,"(23, 393, 86, 4280, 54, 146, 18)",714.2857142857143,4280
55409220_ny_vtd_to_63_with_5000_sims.csv,"(1, 8, 26, 1, 2, 148, 4812, 2)",625.0,4812
94540900_ny_vtd_to_63_with_5000_sims.csv,"(80, 314, 164, 2, 1, 35, 19, 3, 2503, 1696, 87, 96)",416.6666666666667,2503
19794324_ny_vtd_to_63_with_5000_sims.csv,"(91, 166, 3518, 479, 4, 115, 7, 75, 188, 254, 103)",454.54545454545456,3518
45144400_ny_vtd_to_63_with_5000_sims.csv,"(1, 133, 2812, 24, 134, 1572, 214, 54, 48, 8)",500.0,2812
38713660_ny_vtd_to_63_with_5000_sims.csv,"(3706, 36, 145, 423, 76, 29, 330, 2, 253)",555.5555555555555,3706
47959420_ny_vtd_to_63_with_5000_sims.csv,"(3, 274, 8, 3, 2595, 67, 24, 101, 27, 28, 2, 230, 1003, 635)",357.14285714285717,2595
53667615_ny_vtd_to_63_with_5000_sims.csv,"(4, 1101, 1476, 53, 9, 2357)",833.3333333333334,2357
40099982_ny_vtd_to_63_with_5000_sims.csv,"(282, 2025, 2418, 3, 271, 1)",833.3333333333334,2418
8821616_ny_vtd_to_63_with_5000_sims.csv,"(60, 4938, 1, 1)",1250.0,4938
3654992_ny_vtd_to_63_with_5000_sims.csv,"(43, 12, 189, 43, 9, 1, 876, 151, 3676)",555.5555555555555,3676
18038244_ny_vtd_to_63_with_5000_sims.csv,"(12, 64, 29, 1012, 540, 12, 2756, 26, 86, 463)",500.0,2756
36155848_ny_vtd_to_63_with_5000_sims.csv,"(31, 13, 33, 2110, 2027, 3, 771, 12)",625.0,2110
1028160_ny_vtd_to_63_with_5000_sims.csv,"(105, 2182, 155, 4, 16, 76, 4, 2, 619, 1828, 9)",454.54545454545456,2182
7004921_ny_vtd_to_63_with_5000_sims.csv,"(23, 1, 141, 4611, 30, 5, 4, 89, 95, 1)",500.0,4611
66798580_ny_vtd_to_63_with_5000_sims.csv,"(11, 1375, 20, 1, 3593)",1000.0,3593
55752030_ny_vtd_to_63_with_5000_sims.csv,"(132, 256, 3, 2, 2429, 147, 190, 21, 1127, 679, 14)",454.54545454545456,2429
916670_ny_vtd_to_63_with_5000_sims.csv,"(21, 3458, 1519, 2)",1250.0,3458
25963671_ny_vtd_to_63_with_5000_sims.csv,"(2219, 184, 28, 3, 73, 683, 91, 209, 230, 354, 16, 290, 25, 595)",357.14285714285717,2219
15337000_ny_vtd_to_63_with_5000_sims.csv,"(2, 11, 842, 2773, 11, 11, 1210, 140)",625.0,2773
74541845_ny_vtd_to_63_with_5000_sims.csv,"(2, 114, 4, 14, 2239, 19, 49, 170, 1842, 8, 66, 5, 87, 9, 158, 200, 1, 13)",277.77777777777777,2239
81095850_ny_vtd_to_63_with_5000_sims.csv,"(81, 1827, 71, 2, 1316, 1669, 9, 20, 5)",555.5555555555555,1827
