"","draw","district","total_pop","b1_probs","b2_wgt","parent"
"1","1",1,758099,0.0482893370007493,0.00862068965517242,1
"2","1",2,759929,0.0470201588902603,0.00934579439252337,16
"3","1",3,764041,0.0381742599893489,0.00740740740740741,2
"4","1",4,758879,0.0573815384204955,0.00606060606060606,12
"5","1",5,757900,0.0469529767617718,0.00934579439252337,2
"6","1",6,760547,0.0539583764564833,0.0078125,17
"7","1",7,762104,0.0404636019711582,0.00578034682080925,20
"8","1",8,758508,0.0433926556392924,0.0072992700729927,17
"9","1",9,760175,0.0485479301459332,0.0120481927710843,4
"10","1",10,762478,0.0597413686700382,0.0126582278481013,18
"11","1",11,759492,0.0583797907907669,0.0147058823529412,20
"12","1",12,757368,0.0531234267490858,0.0120481927710843,9
"13","1",13,759359,0.0362825779858642,0.0078740157480315,1
"14","1",14,762439,0.0289831192240762,0.00595238095238095,14
"15","1",15,759641,0.0452201442458556,0.0125,11
"16","1",16,758335,0.033761238926075,0.00806451612903226,7
"17","1",17,759329,0.0626152021981545,0.0277777777777778,14
"18","1",18,761141,0.0340168018373908,0.00884955752212389,10
"19","1",19,757884,0.0410197691114004,0.0106382978723404,4
"20","1",20,759689,0.041141959817089,0.012987012987013,7
"21","1",21,757739,0.100322397732471,0.111111111111111,3
"22","1",22,758239,0.0510739864703829,0.0144927536231884,1
"23","1",23,760032,0.0421294200129636,0.0181818181818182,3
"24","1",24,757222,0.0334791308573039,0.0112359550561798,6
"25","1",25,760780,0.0473114647567841,0.0125,9
"26","1",26,763928,0.0360441319463108,0.0136986301369863,12
"27","1",27,757670,0.0368006707029809,0.00884955752212389,15
"28","1",28,759523,0.0435270713999824,0.0126582278481013,11
"29","1",29,760942,0.0526019995079225,0.025,17
"30","1",30,757303,0.0610238633658271,0.0303030303030303,4
"31","1",31,763975,0.0409587346237419,0.0178571428571428,9
"32","1",32,763862,0.04815649266312,0.0175438596491228,16
"33","1",33,761989,0.0404133685616951,0.0158730158730159,5
"34","1",34,758318,0.0427363353718947,0.0217391304347826,10
"35","1",35,763181,0.0553971784285843,0.0144927536231884,14
"36","1",36,760997,0.0299639292161611,0.0153846153846154,6
"37","1",37,762224,0.0358226183423913,0.025,4
"38","1",38,758427,0.0723893588305616,0.0384615384615385,4
"39","1",39,756696,0.0346556170457827,0.0192307692307692,13
"40","1",40,762063,0.0482377211808048,0.0149253731343284,17
"41","1",41,762470,0.0452877416485293,0.0185185185185185,10
"42","1",42,762180,0.0674231601136196,0.0192307692307692,7
"43","1",43,757424,0.0389896098049504,0.0204081632653061,17
"44","1",44,759840,0.0467283968849103,0.03125,19
"45","1",45,756738,0.0376128876172497,0.04,7
"46","1",46,763886,0.094395116613206,0.0476190476190476,1
"47","1",47,761758,0.0468633091728967,0.0212765957446809,17
"48","1",48,764147,0.0197098990236314,0.0212765957446809,11
"49","1",49,764049,0.0552108335118278,0.0285714285714286,19
"50","1",50,763380,0.0257687860513657,0.0136986301369863,12
"51","1",51,762487,0.0317809757922003,0.0232558139534884,16
"52","1",52,757417,0,0,8
"53","2",1,758099,0.0484988361926475,0.00869565217391304,2
"54","2",2,759929,0.053092012328375,0.0111111111111111,6
"55","2",3,764041,0.085505599093836,0.0172413793103448,19
"56","2",4,758879,0.0471184169177198,0.00584795321637427,10
"57","2",5,757900,0.0365066392632789,0.00520833333333333,19
"58","2",6,760547,0.0493353548957457,0.00862068965517242,18
"59","2",7,762104,0.0639692433284081,0.0119047619047619,19
"60","2",8,758508,0.0526708345196088,0.00869565217391304,7
"61","2",9,760175,0.0420284012371641,0.00884955752212389,2
"62","2",10,762478,0.0411390687978172,0.0099009900990099,13
"63","2",11,759492,0.0549774741975501,0.0151515151515152,2
"64","2",12,757368,0.0390996530481139,0.00694444444444444,20
"65","2",13,759359,0.0409369235628746,0.00980392156862745,15
"66","2",14,762439,0.0608070133155977,0.0113636363636364,19
"67","2",15,759641,0.0318860504673207,0.00709219858156028,17
"68","2",16,758335,0.0869718535568133,0.0217391304347826,16
"69","2",17,759329,0.0621958191778008,0.0285714285714286,19
"70","2",18,761141,0.0460401942582237,0.0140845070422535,10
"71","2",19,757884,0.064967282268661,0.0263157894736842,17
"72","2",20,759689,0.0641583203589437,0.0147058823529412,14
"73","2",21,757739,0.0388860619153457,0.010752688172043,5
"74","2",22,758239,0.0975453631571694,0.037037037037037,8
"75","2",23,760032,0.0503859731383779,0.0136986301369863,1
"76","2",24,757222,0.0459016244603171,0.0125,2
"77","2",25,760780,0.0485058122135525,0.0136986301369863,19
"78","2",26,763928,0.0537169037081229,0.0217391304347826,11
"79","2",27,757670,0.0344282615833129,0.00757575757575758,9
"80","2",28,759523,0.0480377502022577,0.0163934426229508,6
"81","2",29,760942,0.037509878961071,0.0149253731343284,18
"82","2",30,757303,0.0374385945692686,0.0144927536231884,1
"83","2",31,763975,0.0426128962108687,0.0178571428571428,7
"84","2",32,763862,0.0812732388171497,0.0357142857142857,16
"85","2",33,761989,0.0583623264058078,0.0163934426229508,5
"86","2",34,758318,0.116364250666038,0.0333333333333333,9
"87","2",35,763181,0.0454118640276786,0.032258064516129,9
"88","2",36,760997,0.0808262762463251,0.04,1
"89","2",37,762224,0.0475681389157714,0.0142857142857143,15
"90","2",38,758427,0.0316878796185814,0.0256410256410256,6
"91","2",39,756696,0.0496073566520867,0.0153846153846154,2
"92","2",40,762063,0.0862878609693426,0.0277777777777778,9
"93","2",41,762470,0.0609657972253656,0.0192307692307692,19
"94","2",42,762180,0.0865227015407798,0.0344827586206896,2
"95","2",43,757424,0.0422620521786616,0.025,9
"96","2",44,759840,0.0921908938185099,0.0476190476190476,20
"97","2",45,756738,0.02755719118185,0.0113636363636364,16
"98","2",46,763886,0.161592999292215,0.0666666666666667,17
"99","2",47,761758,0.0496533567435571,0.0303030303030303,17
"100","2",48,764147,0.0286875460307404,0.027027027027027,13
"101","2",49,763618,0.0433933300253285,0.0185185185185185,20
"102","2",50,756717,0.0243725233779374,0.0114942528735632,18
"103","2",51,763005,0.0404951298534163,0.02,16
"104","2",52,763993,0,0,4
"105","3",1,758099,0.053931035998968,0.010752688172043,3
"106","3",2,759929,0.0497936705247797,0.0105263157894737,7
"107","3",3,764041,0.0477360040515344,0.00819672131147541,1
"108","3",4,758879,0.0468452643731104,0.00578034682080925,4
"109","3",5,757900,0.0523278409270647,0.0112359550561798,19
"110","3",6,760547,0.0390988275571332,0.00632911392405063,18
"111","3",7,762104,0.0360392778508968,0.00617283950617284,1
"112","3",8,758508,0.0386790052485716,0.00649350649350649,10
"113","3",9,760175,0.0414280841547484,0.0102040816326531,11
"114","3",10,762478,0.034227068945381,0.006993006993007,3
"115","3",11,759492,0.0318727895889809,0.0108695652173913,6
"116","3",12,757368,0.0491121535975943,0.0163934426229508,15
"117","3",13,759359,0.0481014626512294,0.0117647058823529,13
"118","3",14,762439,0.0456229333185437,0.0136986301369863,16
"119","3",15,759641,0.0393898703936691,0.00970873786407767,2
"120","3",16,758335,0.0388890007212088,0.0101010101010101,9
"121","3",17,759329,0.0622422260374978,0.0163934426229508,16
"122","3",18,761141,0.056620596386856,0.024390243902439,8
"123","3",19,757884,0.0430066945615226,0.0212765957446809,20
"124","3",20,759689,0.0442596437751426,0.0153846153846154,12
"125","3",21,757739,0.0818424433022633,0.0555555555555556,1
"126","3",22,758239,0.0319299162866089,0.00952380952380953,8
"127","3",23,760032,0.0347913131040223,0.0117647058823529,17
"128","3",24,757222,0.03615350825758,0.012987012987013,5
"129","3",25,760780,0.0525613323161164,0.0125,1
"130","3",26,763928,0.0504480370665243,0.027027027027027,19
"131","3",27,757670,0.0357763106927807,0.0102040816326531,10
"132","3",28,759523,0.0453348295222843,0.0136986301369863,17
"133","3",29,760942,0.0566043196285539,0.0185185185185185,4
"134","3",30,757303,0.0646795176620996,0.027027027027027,8
"135","3",31,763975,0.0497349317193584,0.0149253731343284,8
"136","3",32,763862,0.0527028672930256,0.025,14
"137","3",33,761989,0.0362770789688364,0.0133333333333333,20
"138","3",34,758318,0.019288203241123,0.0116279069767442,10
"139","3",35,763181,0.0305445578908912,0.0434782608695652,15
"140","3",36,760997,0.0447523268004061,0.0119047619047619,3
"141","3",37,762224,0.0551475989980434,0.0147058823529412,16
"142","3",38,758427,0.0308829631156355,0.0166666666666667,10
"143","3",39,756696,0.0179019273260066,0.024390243902439,5
"144","3",40,762063,0.0513463580516483,0.025,16
"145","3",41,762470,0.0305648962620399,0.0128205128205128,2
"146","3",42,762180,0.0258491556597008,0.0119047619047619,1
"147","3",43,757424,0.0344951800284651,0.024390243902439,7
"148","3",44,759840,0.0268069924252521,0.02,15
"149","3",45,756738,0.0280862263817299,0.0126582278481013,3
"150","3",46,763886,0.0223669772770341,0.0333333333333333,18
"151","3",47,761758,0.0268029970814777,0.00793650793650794,16
"152","3",48,761077,0.0729819834748905,0.0454545454545454,4
"153","3",49,761192,0.0820566525289508,0.0454545454545454,20
"154","3",50,762745,0.0467108656413251,0.025,4
"155","3",51,763086,0.044779574608266,0.0303030303030303,8
"156","3",52,763380,0,0,3
"157","4",1,758099,0.045268204766295,0.00757575757575758,4
"158","4",2,759929,0.045075149044634,0.0153846153846154,3
"159","4",3,764041,0.0466411960138803,0.00970873786407767,12
"160","4",4,758879,0.0420464601680705,0.0065359477124183,18
"161","4",5,757900,0.0394527617476859,0.006993006993007,17
"162","4",6,760547,0.0601513316396919,0.00970873786407767,10
"163","4",7,762104,0.0501663854735533,0.0087719298245614,20
"164","4",8,758508,0.0673973372363434,0.00847457627118644,12
"165","4",9,760175,0.0399417907631044,0.00909090909090909,8
"166","4",10,762478,0.0767622421291246,0.0140845070422535,16
"167","4",11,759492,0.0555831652219425,0.0131578947368421,10
"168","4",12,757368,0.0580287622823161,0.0138888888888889,9
"169","4",13,759359,0.0723700097738828,0.0256410256410256,7
"170","4",14,762439,0.0484242476216642,0.0135135135135135,4
"171","4",15,759641,0.0474025912416942,0.0263157894736842,16
"172","4",16,758335,0.0689121390458042,0.04,19
"173","4",17,759329,0.0481170343643023,0.0181818181818182,10
"174","4",18,761141,0.0524762769612137,0.0212765957446809,11
"175","4",19,757884,0.0490964060915851,0.0172413793103448,12
"176","4",20,759689,0.0433765504167991,0.0111111111111111,9
"177","4",21,757739,0.0339561925578268,0.00819672131147541,8
"178","4",22,758239,0.0379817918849516,0.0188679245283019,8
"179","4",23,760032,0.0269489893878569,0.00684931506849315,4
"180","4",24,757222,0.0292212644326681,0.00757575757575758,3
"181","4",25,760780,0.0517989190412823,0.0222222222222222,8
"182","4",26,763928,0.0432778384913054,0.0133333333333333,2
"183","4",27,757670,0.0597659368863903,0.0185185185185185,20
"184","4",28,759523,0.047729879989635,0.0149253731343284,16
"185","4",29,760942,0.0429848235088849,0.0222222222222222,20
"186","4",30,757303,0.0334049483791713,0.0111111111111111,13
"187","4",31,763975,0.046670836885605,0.012987012987013,13
"188","4",32,763862,0.0465184859666053,0.0149253731343284,14
"189","4",33,761989,0.0991593535506919,0.0625,9
"190","4",34,758318,0.0504215509424963,0.0714285714285714,2
"191","4",35,763181,0.045067283597061,0.0161290322580645,15
"192","4",36,760997,0.0231812168478895,0.00680272108843538,10
"193","4",37,762224,0.035214926521157,0.0104166666666667,19
"194","4",38,758427,0.0875595152848352,0.0232558139534884,2
"195","4",39,756696,0.0562485542512258,0.0416666666666667,3
"196","4",40,762063,0.0553823041361792,0.0144927536231884,18
"197","4",41,762470,0.0814032046279291,0.04,10
"198","4",42,762180,0.0686313315458005,0.0204081632653061,2
"199","4",43,757424,0.0372204973439488,0.0104166666666667,20
"200","4",44,759840,0.105677161310297,0.0909090909090909,11
"201","4",45,756738,0.0285469941530083,0.0125,14
"202","4",46,763886,0.0603385008485574,0.0666666666666667,8
"203","4",47,761758,0.035321900827378,0.0121951219512195,9
"204","4",48,764147,0.0251673135914317,0.0166666666666667,1
"205","4",49,759942,0.0499499287816334,0.0178571428571428,20
"206","4",50,761131,0.0474287795835061,0.024390243902439,14
"207","4",51,762941,0.0350634518477706,0.0163934426229508,4
"208","4",52,763319,0,0,5
"209","5",1,758099,0.0512461950171462,0.00970873786407767,5
"210","5",2,759929,0.0421094247154729,0.00775193798449613,5
"211","5",3,764041,0.0441728088867385,0.008,7
"212","5",4,758879,0.044857102801549,0.00704225352112676,14
"213","5",5,757900,0.0592152430287964,0.0101010101010101,7
"214","5",6,760547,0.0435990592160447,0.00892857142857143,11
"215","5",7,762104,0.044791666182032,0.006993006993007,17
"216","5",8,758508,0.0540823404537826,0.0125,12
"217","5",9,760175,0.0394795858360688,0.0072463768115942,16
"218","5",10,762478,0.0358750821023427,0.00458715596330275,19
"219","5",11,759492,0.0662631175289697,0.0185185185185185,12
"220","5",12,757368,0.0686466984910038,0.0196078431372549,4
"221","5",13,759359,0.0483589025989323,0.0144927536231884,7
"222","5",14,762439,0.0700913151226984,0.0263157894736842,11
"223","5",15,759641,0.0485886993659846,0.0128205128205128,19
"224","5",16,758335,0.027344299589783,0.00746268656716418,7
"225","5",17,759329,0.0709262024749785,0.0333333333333333,3
"226","5",18,761141,0.05038977600368,0.0131578947368421,7
"227","5",19,757884,0.0992046422062233,0.0454545454545454,1
"228","5",20,759689,0.055384778301396,0.0192307692307692,8
"229","5",21,757739,0.0232021403521053,0.0099009900990099,4
"230","5",22,758239,0.045075628139654,0.0175438596491228,13
"231","5",23,760032,0.0440887505597653,0.0169491525423729,9
"232","5",24,757222,0.0751162600302625,0.0294117647058823,12
"233","5",25,760780,0.0393537033758149,0.0169491525423729,19
"234","5",26,763928,0.0515887592757217,0.0178571428571428,1
"235","5",27,757670,0.0816588124586358,0.0416666666666667,11
"236","5",28,759523,0.0449067215005724,0.0128205128205128,3
"237","5",29,760942,0.0418279969969644,0.0136986301369863,4
"238","5",30,757303,0.031812526041742,0.00970873786407767,6
"239","5",31,763975,0.0747180051177956,0.024390243902439,11
"240","5",32,763862,0.0324407153896666,0.00854700854700855,7
"241","5",33,761989,0.106577100069589,0.0625,9
"242","5",34,758318,0.019591836201843,0.0106382978723404,2
"243","5",35,763181,0.0289296852422938,0.0104166666666667,20
"244","5",36,760997,0.058123146155402,0.0416666666666667,7
"245","5",37,762224,0.0325250309149946,0.0303030303030303,18
"246","5",38,758427,0.0254413332441917,0.0158730158730159,4
"247","5",39,756696,0.0508448358580968,0.05,14
"248","5",40,762063,0.0933820321257777,0.0256410256410256,18
"249","5",41,762470,0.0472525200204282,0.037037037037037,10
"250","5",42,762180,0.0404414210541367,0.0204081632653061,16
"251","5",43,757424,0.0270502838227091,0.0144927536231884,9
"252","5",44,759840,0.0141632229145561,0.00775193798449613,12
"253","5",45,756738,0.112973694899347,0.0333333333333333,5
"254","5",46,763886,0.0395677468101526,0.0188679245283019,2
"255","5",47,761758,0.0381021420092279,0.0163934426229508,8
"256","5",48,764147,0.0379327568368331,0.0204081632653061,17
"257","5",49,759942,0.0394533564201275,0.0208333333333333,8
"258","5",50,761131,0.0913713797712736,0.0285714285714286,20
"259","5",51,762909,0.0343334502757434,0.0142857142857143,15
"260","5",52,763351,0,0,5
"261","6",1,758099,0.0630704284073093,0.0147058823529412,6
"262","6",2,759929,0.0412190139372216,0.00806451612903226,9
"263","6",3,764041,0.0408727251570947,0.00684931506849315,13
"264","6",4,758879,0.051095240575608,0.00793650793650794,14
"265","6",5,757900,0.0357925890892448,0.00476190476190476,15
"266","6",6,760547,0.0442798361553434,0.00694444444444444,13
"267","6",7,762104,0.0377238863130571,0.00680272108843538,19
"268","6",8,758508,0.0451030936502884,0.00884955752212389,11
"269","6",9,760175,0.0412558601785507,0.00980392156862745,20
"270","6",10,762478,0.0374948019661488,0.0078125,8
"271","6",11,759492,0.046411772996399,0.0106382978723404,15
"272","6",12,757368,0.0516763079134728,0.0125,10
"273","6",13,759359,0.0500726509876036,0.0126582278481013,2
"274","6",14,762439,0.0539102858334937,0.0163934426229508,16
"275","6",15,759641,0.0475760687323107,0.0111111111111111,5
"276","6",16,758335,0.0390452888524424,0.0117647058823529,5
"277","6",17,759329,0.03473512417307,0.010989010989011,4
"278","6",18,761141,0.0571308039336969,0.02,20
"279","6",19,757884,0.0343923198406992,0.0112359550561798,3
"280","6",20,759689,0.0396967358139478,0.0119047619047619,1
"281","6",21,757739,0.0434314306127432,0.0117647058823529,1
"282","6",22,758239,0.0445558605531914,0.0149253731343284,8
"283","6",23,760032,0.0553518136766097,0.0142857142857143,12
"284","6",24,757222,0.0495915491955549,0.03125,2
"285","6",25,760780,0.0303485983742189,0.00769230769230769,1
"286","6",26,763928,0.0648451407193156,0.0303030303030303,3
"287","6",27,757670,0.0411960914220472,0.0172413793103448,18
"288","6",28,759523,0.0553004568311283,0.0196078431372549,15
"289","6",29,760942,0.0374242313559217,0.0103092783505155,20
"290","6",30,757303,0.0359807681309721,0.0099009900990099,6
"291","6",31,763975,0.0256313905620756,0.00636942675159236,15
"292","6",32,763862,0.0360234673307659,0.0120481927710843,11
"293","6",33,761989,0.0370028683129294,0.025,11
"294","6",34,758318,0.131235681486072,0.0285714285714286,14
"295","6",35,763181,0.0670612530840013,0.0133333333333333,10
"296","6",36,760997,0.125704194921682,0.032258064516129,6
"297","6",37,762224,0.0390302262392549,0.0178571428571428,10
"298","6",38,758427,0.109268623966961,0.166666666666667,17
"299","6",39,756696,0.0323580152746847,0.0135135135135135,3
"300","6",40,762063,0.0442157148533679,0.0333333333333333,17
"301","6",41,762470,0.0403336306554655,0.0103092783505155,11
"302","6",42,762180,0.0437860656629794,0.0212765957446809,5
"303","6",43,757424,0.0576979933225378,0.0166666666666667,18
"304","6",44,759840,0.0279489743031334,0.0181818181818182,14
"305","6",45,756738,0.0357084096543074,0.0125,3
"306","6",46,763886,0.0166494664994945,0.0103092783505155,4
"307","6",47,761758,0.0304724954893961,0.0123456790123457,15
"308","6",48,764147,0.021597442958124,0.0120481927710843,17
"309","6",49,759942,0.0358352528595693,0.0112359550561798,8
"310","6",50,761131,0.0343869681674462,0.0161290322580645,14
"311","6",51,762487,0.0466119455797192,0.0263157894736842,8
"312","6",52,763773,0,0,5
"313","7",1,758099,0.0468951232478263,0.00813008130081301,7
"314","7",2,759929,0.0469358109219858,0.00970873786407767,2
"315","7",3,764041,0.0484285764176564,0.0104166666666667,17
"316","7",4,758879,0.0426219756436784,0.00613496932515337,7
"317","7",5,757900,0.0771922828324881,0.0232558139534884,16
"318","7",6,760547,0.0693807650902012,0.0125,13
"319","7",7,762104,0.0528510463363699,0.0140845070422535,20
"320","7",8,758508,0.078061851593785,0.0238095238095238,3
"321","7",9,760175,0.0548719009172806,0.0175438596491228,18
"322","7",10,762478,0.0603956366229462,0.0185185185185185,16
"323","7",11,759492,0.0605781449387512,0.0277777777777778,11
"324","7",12,757368,0.0439979500812804,0.00826446280991735,16
"325","7",13,759359,0.0433066773241408,0.0136986301369863,1
"326","7",14,762439,0.0644595473972268,0.0112359550561798,2
"327","7",15,759641,0.0452770066192451,0.0120481927710843,17
"328","7",16,758335,0.0533401153446492,0.00884955752212389,7
"329","7",17,759329,0.0379934267060291,0.0128205128205128,19
"330","7",18,761141,0.0583125961283839,0.0185185185185185,14
"331","7",19,757884,0.0762241754327977,0.0285714285714286,11
"332","7",20,759689,0.0534845658206052,0.025,18
"333","7",21,757739,0.0412811914747378,0.0172413793103448,20
"334","7",22,758239,0.0388066753921926,0.0238095238095238,19
"335","7",23,760032,0.0361517335989927,0.0112359550561798,8
"336","7",24,757222,0.0359378218466852,0.0151515151515152,19
"337","7",25,760780,0.0520060369982858,0.0142857142857143,10
"338","7",26,763928,0.0307372802410549,0.0078125,19
"339","7",27,757670,0.0388624308831472,0.0105263157894737,9
"340","7",28,759523,0.0361215106170362,0.0163934426229508,6
"341","7",29,760942,0.052088830222481,0.0128205128205128,3
"342","7",30,757303,0.054492632455413,0.0222222222222222,10
"343","7",31,763975,0.0594864831091976,0.0166666666666667,18
"344","7",32,763862,0.0359464692661462,0.0087719298245614,3
"345","7",33,761989,0.0306747942013424,0.0121951219512195,18
"346","7",34,758318,0.0558407719809201,0.0384615384615385,1
"347","7",35,763181,0.0354215203273984,0.00943396226415094,8
"348","7",36,760997,0.0256998278882467,0.0116279069767442,15
"349","7",37,762224,0.0797187386811548,0.0555555555555556,13
"350","7",38,758427,0.0311561387982117,0.0102040816326531,5
"351","7",39,756696,0.0266515041245085,0.0140845070422535,13
"352","7",40,762063,0.0413012170663163,0.0102040816326531,9
"353","7",41,762470,0.0264166089350711,0.010989010989011,17
"354","7",42,762180,0.0332240496367248,0.0181818181818182,3
"355","7",43,757424,0.0601626832395671,0.0222222222222222,6
"356","7",44,759840,0.0215306394084643,0.0192307692307692,1
"357","7",45,756738,0.0352516709657625,0.0196078431372549,4
"358","7",46,763886,0.0579055691885835,0.0232558139534884,4
"359","7",47,761758,0.0852767658041413,0.0555555555555556,8
"360","7",48,764147,0.0547007539940882,0.0303030303030303,5
"361","7",49,764049,0.0312688666257409,0.010989010989011,11
"362","7",50,760162,0.0389934324147343,0.0181818181818182,3
"363","7",51,760861,0.0530083109032827,0.0344827586206896,16
"364","7",52,762261,0,0,1
"365","8",1,758099,0.0441136341576534,0.00719424460431655,8
"366","8",2,759929,0.0450838775842364,0.00884955752212389,13
"367","8",3,764041,0.0393582382869998,0.0078740157480315,15
"368","8",4,758879,0.0448282293512717,0.00657894736842105,12
"369","8",5,757900,0.0426642160625483,0.00671140939597315,15
"370","8",6,760547,0.0491731251101918,0.00884955752212389,19
"371","8",7,762104,0.101869235660516,0.0344827586206896,19
"372","8",8,758508,0.039020061487975,0.00473933649289099,4
"373","8",9,760175,0.0396467107669787,0.00917431192660551,9
"374","8",10,762478,0.0357433876844177,0.00813008130081301,8
"375","8",11,759492,0.0292122677014008,0.00675675675675676,19
"376","8",12,757368,0.0483458876761773,0.0113636363636364,14
"377","8",13,759359,0.0496254312354534,0.0178571428571428,10
"378","8",14,762439,0.0471451407552431,0.0136986301369863,2
"379","8",15,759641,0.0489865935950765,0.0172413793103448,5
"380","8",16,758335,0.091165377887943,0.05,8
"381","8",17,759329,0.07515059910571,0.0526315789473684,14
"382","8",18,761141,0.0544115751378656,0.0119047619047619,20
"383","8",19,757884,0.050540432644185,0.015625,8
"384","8",20,759689,0.0753005228634209,0.0192307692307692,11
"385","8",21,757739,0.0302353697276072,0.00884955752212389,5
"386","8",22,758239,0.0413848693283265,0.0285714285714286,9
"387","8",23,760032,0.0420019428454994,0.0169491525423729,8
"388","8",24,757222,0.0564501071206209,0.0222222222222222,4
"389","8",25,760780,0.0586307761859952,0.0277777777777778,13
"390","8",26,763928,0.0542731285475618,0.024390243902439,13
"391","8",27,757670,0.0415364744114172,0.00952380952380953,16
"392","8",28,759523,0.0755206410958307,0.0357142857142857,6
"393","8",29,760942,0.0772036902179382,0.037037037037037,10
"394","8",30,757303,0.0381921395693463,0.015625,2
"395","8",31,763975,0.0427114577466014,0.0140845070422535,7
"396","8",32,763862,0.0392574970349903,0.0181818181818182,19
"397","8",33,761989,0.0400401877170012,0.0303030303030303,12
"398","8",34,758318,0.0259377894323617,0.0136986301369863,15
"399","8",35,763181,0.0234773949609389,0.012987012987013,7
"400","8",36,760997,0.0289166093428145,0.0138888888888889,8
"401","8",37,762224,0.0281975995996626,0.00862068965517242,20
"402","8",38,758427,0.0965584139643965,0.166666666666667,2
"403","8",39,756696,0.0385062446468479,0.0277777777777778,3
"404","8",40,762063,0.0896575099855191,0.0357142857142857,4
"405","8",41,762470,0.0314927285555844,0.0136986301369863,19
"406","8",42,762180,0.0258707273645073,0.0123456790123457,10
"407","8",43,757424,0.0372795933249797,0.0185185185185185,5
"408","8",44,759840,0.0493962439339836,0.0526315789473684,16
"409","8",45,756738,0.0581826578284145,0.0256410256410256,19
"410","8",46,763886,0.0376321010836269,0.0303030303030303,2
"411","8",47,761758,0.0623948701054625,0.0555555555555556,18
"412","8",48,764147,0.0916434317930065,0.0384615384615385,8
"413","8",49,764049,0.0400812594603627,0.0204081632653061,17
"414","8",50,762220,0.0582001062972939,0.0277777777777778,20
"415","8",51,756914,0.0462359679364027,0.0263157894736842,16
"416","8",52,764150,0,0,9
"417","9",1,758099,0.0502791987873569,0.00934579439252337,9
"418","9",2,759929,0.0593351385437487,0.0140845070422535,8
"419","9",3,764041,0.0574108745958935,0.0135135135135135,5
"420","9",4,758879,0.0503030183216129,0.00769230769230769,14
"421","9",5,757900,0.045051062728994,0.00826446280991735,15
"422","9",6,760547,0.0501648299840153,0.00813008130081301,20
"423","9",7,762104,0.0605342958470115,0.0192307692307692,5
"424","9",8,758508,0.0422037330342444,0.00694444444444444,15
"425","9",9,760175,0.0399346178850791,0.0078740157480315,4
"426","9",10,762478,0.075240531216301,0.0135135135135135,11
"427","9",11,759492,0.0433388320268867,0.00943396226415094,10
"428","9",12,757368,0.0452774916527432,0.00980392156862745,20
"429","9",13,759359,0.0473752349295752,0.0163934426229508,10
"430","9",14,762439,0.0525772678701825,0.00709219858156028,2
"431","9",15,759641,0.0352862364862055,0.00826446280991735,17
"432","9",16,758335,0.0421432386533947,0.0121951219512195,8
"433","9",17,759329,0.0396642477852611,0.012987012987013,4
"434","9",18,761141,0.0383172358607602,0.00970873786407767,15
"435","9",19,757884,0.0367887624773784,0.00943396226415094,1
"436","9",20,759689,0.0549971866873172,0.02,3
"437","9",21,757739,0.0551508351393218,0.0344827586206896,19
"438","9",22,758239,0.0338955102750857,0.0277777777777778,14
"439","9",23,760032,0.0337172581322371,0.0149253731343284,20
"440","9",24,757222,0.0362108352053312,0.00980392156862745,13
"441","9",25,760780,0.0525354755859971,0.0185185185185185,6
"442","9",26,763928,0.0601421928496387,0.0212765957446809,13
"443","9",27,757670,0.0489719093536553,0.0151515151515152,8
"444","9",28,759523,0.0666577785692781,0.0204081632653061,9
"445","9",29,760942,0.0384957069550704,0.0161290322580645,9
"446","9",30,757303,0.0418551966918428,0.0140845070422535,5
"447","9",31,763975,0.0702518600528529,0.0161290322580645,18
"448","9",32,763862,0.0610333292916679,0.03125,14
"449","9",33,761989,0.0909330493220364,0.0769230769230769,18
"450","9",34,758318,0.0262387183065617,0.0188679245283019,19
"451","9",35,763181,0.0439529315018844,0.0135135135135135,20
"452","9",36,760997,0.0331924169991468,0.0120481927710843,6
"453","9",37,762224,0.0312232777806696,0.0087719298245614,19
"454","9",38,758427,0.0648682394565333,0.0454545454545454,2
"455","9",39,756696,0.0587967022584258,0.0434782608695652,13
"456","9",40,762063,0.0230018506895289,0.0126582278481013,4
"457","9",41,762470,0.043018681501979,0.0125,2
"458","9",42,762180,0.0351109743309636,0.0227272727272727,5
"459","9",43,757424,0.0388278936465628,0.0263157894736842,7
"460","9",44,759840,0.0505734368751626,0.0192307692307692,6
"461","9",45,756738,0.0302544465182271,0.0147058823529412,16
"462","9",46,763886,0.0317401519097094,0.0181818181818182,8
"463","9",47,761758,0.0674385762379422,0.037037037037037,1
"464","9",48,761077,0.0207942704421553,0.0136986301369863,7
"465","9",49,761192,0.0358565667542617,0.0163934426229508,20
"466","9",50,762745,0.037003158032999,0.0263157894736842,20
"467","9",51,763030,0.0627677080732184,0.0416666666666667,16
"468","9",52,763436,0,0,3
"469","10",1,758099,0.0635393599821126,0.0149253731343284,10
"470","10",2,759929,0.0687546885872693,0.025,1
"471","10",3,764041,0.0462009143628716,0.0126582278481013,16
"472","10",4,758879,0.0437474055199659,0.00892857142857143,12
"473","10",5,757900,0.0503111815543903,0.00694444444444444,8
"474","10",6,760547,0.0414825438445956,0.00934579439252337,11
"475","10",7,762104,0.0431825768521822,0.00740740740740741,6
"476","10",8,758508,0.0659901397417695,0.00826446280991735,8
"477","10",9,760175,0.106398457224341,0.0526315789473684,8
"478","10",10,762478,0.0651944686634722,0.0099009900990099,19
"479","10",11,759492,0.0520898676898256,0.0144927536231884,10
"480","10",12,757368,0.0526154867523646,0.0119047619047619,1
"481","10",13,759359,0.0451226394051475,0.00900900900900901,1
"482","10",14,762439,0.0298104182132487,0.0056497175141243,3
"483","10",15,759641,0.0403280277633934,0.0133333333333333,11
"484","10",16,758335,0.058219012012648,0.03125,3
"485","10",17,759329,0.0525091010876494,0.0133333333333333,11
"486","10",18,761141,0.0420612418516174,0.00925925925925926,8
"487","10",19,757884,0.0670751894910234,0.0185185185185185,5
"488","10",20,759689,0.0430242172551708,0.0153846153846154,19
"489","10",21,757739,0.0410270724629931,0.0126582278481013,15
"490","10",22,758239,0.0550928312710789,0.0126582278481013,8
"491","10",23,760032,0.0390047754901607,0.0112359550561798,1
"492","10",24,757222,0.0595740870929455,0.0131578947368421,1
"493","10",25,760780,0.0454809282110925,0.0151515151515152,19
"494","10",26,763928,0.0440717076897685,0.0138888888888889,15
"495","10",27,757670,0.0339393482701999,0.0126582278481013,19
"496","10",28,759523,0.0754635418426686,0.0263157894736842,10
"497","10",29,760942,0.0658637259783771,0.0263157894736842,9
"498","10",30,757303,0.0807782642292307,0.0555555555555556,8
"499","10",31,763975,0.0383259556894898,0.00952380952380953,13
"500","10",32,763862,0.0999264107122081,0.0769230769230769,14
"501","10",33,761989,0.0842190685591249,0.0344827586206896,11
"502","10",34,758318,0.0411630370119273,0.0384615384615385,9
"503","10",35,763181,0.0649578425024331,0.0769230769230769,3
"504","10",36,760997,0.0681913988156265,0.0714285714285714,9
"505","10",37,762224,0.0455277598694103,0.00961538461538462,3
"506","10",38,758427,0.0388819141922675,0.0294117647058823,13
"507","10",39,756696,0.130205244791935,0.0526315789473684,16
"508","10",40,762063,0.0408536004945775,0.0285714285714286,8
"509","10",41,762470,0.042295785966762,0.0175438596491228,2
"510","10",42,762180,0.0316717597952173,0.0120481927710843,11
"511","10",43,757424,0.0330296674548361,0.02,18
"512","10",44,759840,0.0511180694492684,0.0153846153846154,15
"513","10",45,756738,0.0562676157816062,0.0333333333333333,12
"514","10",46,763886,0.031243239717428,0.00917431192660551,19
"515","10",47,761758,0.0469800412475153,0.024390243902439,17
"516","10",48,760568,0.0514534125892034,0.032258064516129,17
"517","10",49,761311,0.101457344322116,0.0526315789473684,13
"518","10",50,764046,0.0871439100858387,0.0256410256410256,2
"519","10",51,762497,0.0951870917440467,0.0357142857142857,15
"520","10",52,763058,0,0,18
"521","11",1,758099,0.0608721732639242,0.0136986301369863,11
"522","11",2,759929,0.0363672308226226,0.00529100529100529,5
"523","11",3,764041,0.0388184608184855,0.00869565217391304,5
"524","11",4,758879,0.0739138420775269,0.0161290322580645,16
"525","11",5,757900,0.0440236532728218,0.00961538461538462,9
"526","11",6,760547,0.0408627058830102,0.00666666666666667,12
"527","11",7,762104,0.0450813719970337,0.00952380952380953,10
"528","11",8,758508,0.0455217838231111,0.00714285714285715,19
"529","11",9,760175,0.0496195010234218,0.0131578947368421,14
"530","11",10,762478,0.0408224967251463,0.00813008130081301,13
"531","11",11,759492,0.0386409965313922,0.0078125,11
"532","11",12,757368,0.0457903307636313,0.0121951219512195,7
"533","11",13,759359,0.0416017341787391,0.0104166666666667,9
"534","11",14,762439,0.0655507300345801,0.0166666666666667,14
"535","11",15,759641,0.0331607743923065,0.00970873786407767,4
"536","11",16,758335,0.0438942628647189,0.0144927536231884,17
"537","11",17,759329,0.0503002787203841,0.0140845070422535,5
"538","11",18,761141,0.0575242317156036,0.0153846153846154,8
"539","11",19,757884,0.0318057736613164,0.00763358778625955,5
"540","11",20,759689,0.071682280714146,0.0185185185185185,5
"541","11",21,757739,0.0418583187576094,0.0136986301369863,5
"542","11",22,758239,0.0376958883802448,0.0114942528735632,11
"543","11",23,760032,0.0436531422937077,0.0120481927710843,12
"544","11",24,757222,0.0507346617044036,0.0117647058823529,20
"545","11",25,760780,0.0670295706832306,0.02,20
"546","11",26,763928,0.0558562480426927,0.0232558139534884,6
"547","11",27,757670,0.044671971110511,0.0123456790123457,15
"548","11",28,759523,0.0309175684251903,0.00970873786407767,6
"549","11",29,760942,0.0542516850033918,0.0161290322580645,12
"550","11",30,757303,0.053532332224689,0.0175438596491228,9
"551","11",31,763975,0.0506212202204645,0.0140845070422535,20
"552","11",32,763862,0.0383883489151901,0.0138888888888889,3
"553","11",33,761989,0.0845453597171845,0.0714285714285714,11
"554","11",34,758318,0.0427564277103455,0.0192307692307692,9
"555","11",35,763181,0.0323502291122396,0.00819672131147541,10
"556","11",36,760997,0.0563036864754362,0.0285714285714286,15
"557","11",37,762224,0.0945936777076542,0.03125,19
"558","11",38,758427,0.0344876629713378,0.0263157894736842,19
"559","11",39,756696,0.0395803668306387,0.0277777777777778,5
"560","11",40,762063,0.0702902833460901,0.0588235294117647,20
"561","11",41,762470,0.0437062677116557,0.0277777777777778,4
"562","11",42,762180,0.0635744110784445,0.03125,3
"563","11",43,757424,0.0551656544022355,0.0238095238095238,4
"564","11",44,759840,0.0272712045424843,0.0285714285714286,11
"565","11",45,756738,0.0577159124742119,0.03125,5
"566","11",46,763886,0.0538228738697124,0.0476190476190476,4
"567","11",47,761758,0.0614465620819082,0.0217391304347826,8
"568","11",48,764147,0.113696549089143,0.0769230769230769,5
"569","11",49,759942,0.0582445630901628,0.0454545454545454,20
"570","11",50,761131,0.0586321777757535,0.025,13
"571","11",51,762214,0.0364322404255891,0.0135135135135135,15
"572","11",52,764046,0,0,5
"573","12",1,758099,0.0406123680462197,0.00609756097560975,12
"574","12",2,759929,0.04101141078954,0.00735294117647059,11
"575","12",3,764041,0.0463346516718178,0.00826446280991735,7
"576","12",4,758879,0.0408733044294352,0.00641025641025641,20
"577","12",5,757900,0.0485791975079994,0.0087719298245614,5
"578","12",6,760547,0.0560411973196352,0.0114942528735632,13
"579","12",7,762104,0.0383667987950017,0.00588235294117647,19
"580","12",8,758508,0.0478029261954097,0.00892857142857143,2
"581","12",9,760175,0.069354130762631,0.0161290322580645,18
"582","12",10,762478,0.0671214693377847,0.0285714285714286,4
"583","12",11,759492,0.0474624050448322,0.0108695652173913,19
"584","12",12,757368,0.0458828733460808,0.00917431192660551,12
"585","12",13,759359,0.0437655165844488,0.0138888888888889,1
"586","12",14,762439,0.050706141205634,0.0163934426229508,2
"587","12",15,759641,0.0568646202628362,0.0196078431372549,5
"588","12",16,758335,0.0294022115412816,0.0054945054945055,7
"589","12",17,759329,0.043464473290984,0.00970873786407767,8
"590","12",18,761141,0.0336742399313682,0.00900900900900901,16
"591","12",19,757884,0.040886053482234,0.0138888888888889,7
"592","12",20,759689,0.0316877966387275,0.00826446280991735,17
"593","12",21,757739,0.0500606662310932,0.032258064516129,14
"594","12",22,758239,0.0502504760228553,0.0112359550561798,3
"595","12",23,760032,0.0669727272458566,0.0277777777777778,18
"596","12",24,757222,0.0639979136339095,0.0192307692307692,20
"597","12",25,760780,0.0449718418540253,0.0136986301369863,12
"598","12",26,763928,0.0416530892694136,0.0178571428571428,11
"599","12",27,757670,0.0452812192100663,0.010989010989011,3
"600","12",28,759523,0.0496117383969453,0.0111111111111111,19
"601","12",29,760942,0.0668912621564285,0.0222222222222222,19
"602","12",30,757303,0.0489590399694804,0.0256410256410256,10
"603","12",31,763975,0.0560773041398835,0.024390243902439,17
"604","12",32,763862,0.0725759130667896,0.0294117647058823,15
"605","12",33,761989,0.0348455640715034,0.0147058823529412,5
"606","12",34,758318,0.0437783451728416,0.0227272727272727,19
"607","12",35,763181,0.0440994812903122,0.0158730158730159,9
"608","12",36,760997,0.0689381988396741,0.0666666666666667,14
"609","12",37,762224,0.0376139759534843,0.0106382978723404,12
"610","12",38,758427,0.0211084781362679,0.00917431192660551,13
"611","12",39,756696,0.0596637972732957,0.0333333333333333,14
"612","12",40,762063,0.0660336025506651,0.0212765957446809,14
"613","12",41,762470,0.0343314347566923,0.0147058823529412,17
"614","12",42,762180,0.0417455699931275,0.0158730158730159,3
"615","12",43,757424,0.144635341723758,0.0714285714285714,9
"616","12",44,759840,0.0169067774382619,0.0111111111111111,8
"617","12",45,756738,0.0621585191270408,0.0263157894736842,20
"618","12",46,763886,0.0281124026163672,0.0169491525423729,10
"619","12",47,761758,0.0461243637785856,0.0294117647058823,1
"620","12",48,764147,0.0324657011756224,0.0185185185185185,13
"621","12",49,764049,0.0496655555112585,0.0294117647058823,20
"622","12",50,758532,0.0362421975427315,0.0238095238095238,17
"623","12",51,762082,0.0541091888364926,0.0232558139534884,14
"624","12",52,762670,0,0,20
"625","13",1,758099,0.0431912960488284,0.00689655172413793,13
"626","13",2,759929,0.0431972550422343,0.00657894736842105,17
"627","13",3,764041,0.0616647005051509,0.0102040816326531,16
"628","13",4,758879,0.05455565520147,0.0104166666666667,19
"629","13",5,757900,0.0384085045896633,0.00680272108843538,7
"630","13",6,760547,0.0579214017858841,0.0147058823529412,7
"631","13",7,762104,0.048670127151473,0.00769230769230769,9
"632","13",8,758508,0.0447373503284965,0.00862068965517242,4
"633","13",9,760175,0.0347738487731614,0.00709219858156028,16
"634","13",10,762478,0.0612651244896875,0.0232558139534884,3
"635","13",11,759492,0.037357536478811,0.0111111111111111,8
"636","13",12,757368,0.0395411588617375,0.0105263157894737,19
"637","13",13,759359,0.0452995832026555,0.0133333333333333,13
"638","13",14,762439,0.0440184646274692,0.0103092783505155,7
"639","13",15,759641,0.0514178643494946,0.0135135135135135,18
"640","13",16,758335,0.0901639746421411,0.0263157894736842,7
"641","13",17,759329,0.0347457198756692,0.0151515151515152,19
"642","13",18,761141,0.0395871619932184,0.00854700854700855,18
"643","13",19,757884,0.0622977754299738,0.0416666666666667,2
"644","13",20,759689,0.033162911931453,0.00793650793650794,12
"645","13",21,757739,0.0363839273481535,0.0169491525423729,9
"646","13",22,758239,0.0425026763641725,0.0196078431372549,16
"647","13",23,760032,0.0604228204478607,0.0166666666666667,6
"648","13",24,757222,0.0522369984018961,0.0169491525423729,2
"649","13",25,760780,0.0400323213408537,0.00854700854700855,13
"650","13",26,763928,0.0453505474418937,0.0169491525423729,6
"651","13",27,757670,0.0669904434243561,0.0212765957446809,9
"652","13",28,759523,0.0331432877671748,0.00943396226415094,11
"653","13",29,760942,0.0507126371328299,0.0178571428571428,9
"654","13",30,757303,0.0358909468121051,0.0142857142857143,15
"655","13",31,763975,0.0495314603313171,0.0138888888888889,17
"656","13",32,763862,0.0519868831699677,0.0204081632653061,15
"657","13",33,761989,0.0370512875518587,0.0169491525423729,4
"658","13",34,758318,0.0540343017453493,0.0175438596491228,14
"659","13",35,763181,0.0527959050945082,0.0333333333333333,5
"660","13",36,760997,0.0703218837608859,0.0416666666666667,13
"661","13",37,762224,0.0825477247298535,0.05,20
"662","13",38,758427,0.0616960538750191,0.04,13
"663","13",39,756696,0.0394932530089049,0.0147058823529412,11
"664","13",40,762063,0.0208069221889337,0.0158730158730159,14
"665","13",41,762470,0.0284216817995663,0.0121951219512195,6
"666","13",42,762180,0.0441908070829783,0.0212765957446809,7
"667","13",43,757424,0.0291807010629869,0.0121951219512195,1
"668","13",44,759840,0.0157130056814602,0.0138888888888889,6
"669","13",45,756738,0.0733897770145127,0.0344827586206896,20
"670","13",46,763886,0.0732459272830416,0.111111111111111,8
"671","13",47,761758,0.0652812626994642,0.0555555555555556,19
"672","13",48,764147,0.0275970831801274,0.0163934426229508,5
"673","13",49,764049,0.0272951328577756,0.024390243902439,20
"674","13",50,762220,0.0462084372727463,0.0181818181818182,12
"675","13",51,760149,0.066630524937457,0.037037037037037,16
"676","13",52,760915,0,0,9
"677","14",1,758099,0.0430431265004833,0.00684931506849315,14
"678","14",2,759929,0.0508451733584059,0.00840336134453781,3
"679","14",3,764041,0.0479396675534398,0.00714285714285715,6
"680","14",4,758879,0.0569946174386655,0.00892857142857143,15
"681","14",5,757900,0.0477543146912537,0.0103092783505155,13
"682","14",6,760547,0.0641718837873956,0.0111111111111111,5
"683","14",7,762104,0.0558962410731154,0.0147058823529412,7
"684","14",8,758508,0.0468426015747907,0.00952380952380953,6
"685","14",9,760175,0.0416410834207254,0.0103092783505155,11
"686","14",10,762478,0.0411390687978171,0.0099009900990099,3
"687","14",11,759492,0.0371517082651796,0.010989010989011,2
"688","14",12,757368,0.0471643597416409,0.0102040816326531,19
"689","14",13,759359,0.0390439323833659,0.00961538461538462,2
"690","14",14,762439,0.0331716003631431,0.00757575757575758,11
"691","14",15,759641,0.0447083842805004,0.0149253731343284,12
"692","14",16,758335,0.0451142181289333,0.00943396226415094,16
"693","14",17,759329,0.071013505377459,0.025,20
"694","14",18,761141,0.0613314749540419,0.0133333333333333,2
"695","14",19,757884,0.0352817186532304,0.0116279069767442,8
"696","14",20,759689,0.0498916301816449,0.0149253731343284,20
"697","14",21,757739,0.0366119461155413,0.0188679245283019,18
"698","14",22,758239,0.0916434050873849,0.032258064516129,4
"699","14",23,760032,0.0311996212309917,0.0114942528735632,3
"700","14",24,757222,0.0670460205549158,0.0163934426229508,4
"701","14",25,760780,0.0425459711552743,0.0149253731343284,16
"702","14",26,763928,0.0382864098881146,0.0126582278481013,15
"703","14",27,757670,0.0370779011277446,0.00917431192660551,9
"704","14",28,759523,0.0540728281621459,0.0151515151515152,5
"705","14",29,760942,0.0528300918806498,0.037037037037037,13
"706","14",30,757303,0.0832977141431329,0.037037037037037,13
"707","14",31,763975,0.0418208699483732,0.0102040816326531,18
"708","14",32,763862,0.0343949860720917,0.0116279069767442,14
"709","14",33,761989,0.0349372450978663,0.00961538461538462,7
"710","14",34,758318,0.0800465530982941,0.0588235294117647,2
"711","14",35,763181,0.0451084998400648,0.0113636363636364,8
"712","14",36,760997,0.031637861145881,0.0172413793103448,2
"713","14",37,762224,0.0321501334507865,0.0138888888888889,12
"714","14",38,758427,0.0356130769512982,0.0121951219512195,3
"715","14",39,756696,0.0274459047175341,0.0140845070422535,13
"716","14",40,762063,0.0183111417058693,0.0078125,9
"717","14",41,762470,0.0265412731647365,0.0188679245283019,13
"718","14",42,762180,0.145816669947725,0.024390243902439,20
"719","14",43,757424,0.0689486240549391,0.0212765957446809,19
"720","14",44,759840,0.04261640093519,0.0147058823529412,2
"721","14",45,756738,0.0254387235761504,0.0169491525423729,12
"722","14",46,763886,0.0262705970710791,0.0303030303030303,5
"723","14",47,761758,0.0153915055928964,0.0149253731343284,6
"724","14",48,764147,0.0820544387084627,0.0625,16
"725","14",49,764049,0.0851258125263678,0.0416666666666667,20
"726","14",50,764150,0.0348626383533408,0.0114942528735632,17
"727","14",51,760569,0.0358783780622878,0.0222222222222222,4
"728","14",52,758565,0,0,7
"729","15",1,758099,0.0470869241433838,0.00819672131147541,15
"730","15",2,759929,0.0670730041474605,0.0151515151515152,9
"731","15",3,764041,0.0517723259097344,0.0138888888888889,11
"732","15",4,758879,0.0545198256446874,0.010989010989011,7
"733","15",5,757900,0.0595031643006698,0.0144927536231884,17
"734","15",6,760547,0.0374842646874674,0.00714285714285715,9
"735","15",7,762104,0.0399111593242456,0.00709219858156028,4
"736","15",8,758508,0.0553051291478595,0.00595238095238095,6
"737","15",9,760175,0.0443161769371933,0.0106382978723404,8
"738","15",10,762478,0.0296866204705474,0.00543478260869565,9
"739","15",11,759492,0.055558601950643,0.0238095238095238,9
"740","15",12,757368,0.0632989533330838,0.0135135135135135,2
"741","15",13,759359,0.0364405761831885,0.00714285714285715,20
"742","15",14,762439,0.046946098367022,0.0144927536231884,1
"743","15",15,759641,0.0268276103815805,0.00943396226415094,5
"744","15",16,758335,0.0415060760178013,0.0172413793103448,10
"745","15",17,759329,0.0241403256887204,0.00862068965517242,3
"746","15",18,761141,0.038075928143953,0.0101010101010101,12
"747","15",19,757884,0.0393485823818361,0.0101010101010101,12
"748","15",20,759689,0.0729469862090519,0.0344827586206896,11
"749","15",21,757739,0.0782205568869068,0.0666666666666667,9
"750","15",22,758239,0.0515583238255279,0.0131578947368421,9
"751","15",23,760032,0.0374076294207832,0.0119047619047619,18
"752","15",24,757222,0.0450736081292772,0.0087719298245614,1
"753","15",25,760780,0.052946032463117,0.0133333333333333,20
"754","15",26,763928,0.0364080471519694,0.0140845070422535,2
"755","15",27,757670,0.0527073301621019,0.0208333333333333,13
"756","15",28,759523,0.0445260527052994,0.0232558139534884,13
"757","15",29,760942,0.049333493058921,0.0153846153846154,11
"758","15",30,757303,0.0542049907422739,0.0256410256410256,8
"759","15",31,763975,0.0381611735494215,0.00746268656716418,20
"760","15",32,763862,0.0543268094661491,0.0128205128205128,10
"761","15",33,761989,0.0263756881939263,0.0169491525423729,18
"762","15",34,758318,0.0695645150966248,0.0526315789473684,4
"763","15",35,763181,0.080114853789041,0.0714285714285714,10
"764","15",36,760997,0.0253839053208552,0.0126582278481013,17
"765","15",37,762224,0.0564058205129291,0.0256410256410256,7
"766","15",38,758427,0.0159362388837604,0.00961538461538462,11
"767","15",39,756696,0.0263259312574704,0.0169491525423729,1
"768","15",40,762063,0.0589134994963485,0.0333333333333333,13
"769","15",41,762470,0.0231473439104291,0.0144927536231884,16
"770","15",42,762180,0.0473318334801136,0.0102040816326531,20
"771","15",43,757424,0.07804191724988,0.032258064516129,17
"772","15",44,759840,0.0736488250022446,0.0416666666666667,2
"773","15",45,756738,0.0461063666032279,0.0256410256410256,12
"774","15",46,763886,0.0179623416570186,0.00980392156862745,18
"775","15",47,761758,0.0738577426573903,0.0192307692307692,15
"776","15",48,764147,0.0519810764155242,0.0161290322580645,2
"777","15",49,764049,0.0572258065590644,0.0238095238095238,8
"778","15",50,758532,0.0461359986593886,0.0192307692307692,14
"779","15",51,761341,0.0665480761453425,0.0303030303030303,14
"780","15",52,763411,0,0,20
"781","16",1,758099,0.0581480618641698,0.0125,16
"782","16",2,759929,0.036124691728587,0.00568181818181818,5
"783","16",3,764041,0.0466037637715719,0.0078125,15
"784","16",4,758879,0.0453079225359917,0.006993006993007,4
"785","16",5,757900,0.0555782360825351,0.00847457627118644,10
"786","16",6,760547,0.0500513990592,0.0112359550561798,11
"787","16",7,762104,0.0465512642963969,0.00970873786407767,1
"788","16",8,758508,0.040355921703353,0.00769230769230769,5
"789","16",9,760175,0.0484935305312945,0.0103092783505155,1
"790","16",10,762478,0.0418845288425949,0.0108695652173913,2
"791","16",11,759492,0.0525119188770766,0.0135135135135135,8
"792","16",12,757368,0.0558917302029501,0.027027027027027,12
"793","16",13,759359,0.0517989345443046,0.0119047619047619,8
"794","16",14,762439,0.05278715947804,0.010752688172043,15
"795","16",15,759641,0.0449909242049421,0.0114942528735632,4
"796","16",16,758335,0.0779226440345619,0.0175438596491228,2
"797","16",17,759329,0.0571161110866291,0.0175438596491228,19
"798","16",18,761141,0.0360578853676962,0.00819672131147541,10
"799","16",19,757884,0.0411235261258072,0.0101010101010101,16
"800","16",20,759689,0.0539441403266678,0.0188679245283019,6
"801","16",21,757739,0.0480228388275897,0.0208333333333333,19
"802","16",22,758239,0.0299846830332626,0.008,5
"803","16",23,760032,0.0991850616289465,0.0476190476190476,12
"804","16",24,757222,0.0583639188431871,0.0135135135135135,15
"805","16",25,760780,0.0446843840582863,0.0147058823529412,16
"806","16",26,763928,0.0319826877813799,0.0120481927710843,17
"807","16",27,757670,0.0364163374744886,0.0108695652173913,2
"808","16",28,759523,0.055201965118661,0.02,5
"809","16",29,760942,0.0349285633185613,0.00970873786407767,20
"810","16",30,757303,0.0463464305894598,0.0204081632653061,4
"811","16",31,763975,0.053286100882866,0.02,11
"812","16",32,763862,0.0357365786124152,0.0101010101010101,19
"813","16",33,761989,0.0220565997532302,0.0119047619047619,17
"814","16",34,758318,0.020972203106845,0.0161290322580645,11
"815","16",35,763181,0.113873445779694,0.125,17
"816","16",36,760997,0.0266403977975372,0.0212765957446809,5
"817","16",37,762224,0.0460777421781116,0.0294117647058823,8
"818","16",38,758427,0.0157805429195397,0.00917431192660551,18
"819","16",39,756696,0.0834009465051014,0.125,9
"820","16",40,762063,0.0316552477934757,0.0163934426229508,4
"821","16",41,762470,0.0667973692194663,0.03125,4
"822","16",42,762180,0.0422425419218171,0.0140845070422535,8
"823","16",43,757424,0.0493850127607995,0.0344827586206896,12
"824","16",44,759840,0.0348006369032979,0.025,5
"825","16",45,756738,0.0262381425824736,0.0277777777777778,1
"826","16",46,763886,0.015808711594867,0.0149253731343284,1
"827","16",47,761758,0.0166496913940538,0.00980392156862745,4
"828","16",48,764147,0.0193859548512345,0.0151515151515152,19
"829","16",49,759942,0.0537828880488509,0.0192307692307692,8
"830","16",50,760461,0.0464423086839597,0.0142857142857143,14
"831","16",51,763283,0.0628902862685392,0.0294117647058823,3
"832","16",52,763647,0,0,11
"833","17",1,758099,0.0465184494913358,0.008,17
"834","17",2,759929,0.0484155934313037,0.00826446280991735,4
"835","17",3,764041,0.045845976444941,0.0120481927710843,16
"836","17",4,758879,0.0478348363032832,0.00628930817610063,11
"837","17",5,757900,0.0407288337191817,0.0078740157480315,13
"838","17",6,760547,0.0553289101067224,0.0126582278481013,5
"839","17",7,762104,0.0480939488341162,0.00909090909090909,12
"840","17",8,758508,0.0509620887212836,0.00961538461538462,16
"841","17",9,760175,0.0611712324058615,0.012987012987013,7
"842","17",10,762478,0.0479020988122008,0.0117647058823529,10
"843","17",11,759492,0.0428352170778925,0.0138888888888889,1
"844","17",12,757368,0.0515519170558399,0.01,16
"845","17",13,759359,0.102847809519756,0.0526315789473684,5
"846","17",14,762439,0.0378726507569653,0.010989010989011,4
"847","17",15,759641,0.0917493281676436,0.0454545454545454,12
"848","17",16,758335,0.0245970102261703,0.00555555555555555,2
"849","17",17,759329,0.0464415531799378,0.00961538461538462,11
"850","17",18,761141,0.0459196762502393,0.0116279069767442,8
"851","17",19,757884,0.0444507125787391,0.0161290322580645,3
"852","17",20,759689,0.037049988577239,0.0131578947368421,10
"853","17",21,757739,0.0463108213721604,0.0227272727272727,6
"854","17",22,758239,0.0583396656584819,0.0188679245283019,16
"855","17",23,760032,0.0687184211550227,0.0263157894736842,3
"856","17",24,757222,0.0454688006318105,0.00925925925925926,14
"857","17",25,760780,0.0515473868178261,0.0135135135135135,19
"858","17",26,763928,0.0460033408970427,0.0140845070422535,14
"859","17",27,757670,0.05795109611135,0.0232558139534884,4
"860","17",28,759523,0.040401599223202,0.0116279069767442,8
"861","17",29,760942,0.0494414389311841,0.0119047619047619,13
"862","17",30,757303,0.0391107559311655,0.0116279069767442,10
"863","17",31,763975,0.0567309766178724,0.0192307692307692,10
"864","17",32,763862,0.0379211285206275,0.010989010989011,3
"865","17",33,761989,0.0288992862544151,0.0188679245283019,3
"866","17",34,758318,0.0472979931398243,0.0204081632653061,8
"867","17",35,763181,0.0214046229269982,0.0112359550561798,5
"868","17",36,760997,0.0497312595079792,0.0104166666666667,20
"869","17",37,762224,0.0902771601915761,0.0714285714285714,16
"870","17",38,758427,0.0770406544363695,0.0333333333333333,17
"871","17",39,756696,0.136560943641917,0.0526315789473684,15
"872","17",40,762063,0.0271591360365712,0.0105263157894737,6
"873","17",41,762470,0.116427911533809,0.0357142857142857,4
"874","17",42,762180,0.0250128868612156,0.0075187969924812,3
"875","17",43,757424,0.0631244642144895,0.015625,20
"876","17",44,759840,0.079648137070666,0.05,6
"877","17",45,756738,0.147943444044987,0.0277777777777778,12
"878","17",46,763886,0.0472612918542876,0.0434782608695652,4
"879","17",47,761758,0.0931430185804086,0.142857142857143,16
"880","17",48,764147,0.0679044045840123,0.0204081632653061,14
"881","17",49,759942,0.0175948938824967,0.0204081632653061,8
"882","17",50,761131,0.0498449403124475,0.0208333333333333,12
"883","17",51,762946,0.0456125652369936,0.025,15
"884","17",52,763314,0,0,5
"885","18",1,758099,0.0482893370007493,0.00862068965517242,18
"886","18",2,759929,0.0467096129262772,0.00769230769230769,6
"887","18",3,764041,0.0517807590969533,0.00833333333333333,16
"888","18",4,758879,0.0518894645830078,0.00709219858156028,15
"889","18",5,757900,0.0502129093541308,0.0125,19
"890","18",6,760547,0.0457831749750552,0.00757575757575758,16
"891","18",7,762104,0.0486410061941153,0.00854700854700855,16
"892","18",8,758508,0.0447216653384533,0.00840336134453781,17
"893","18",9,760175,0.0477845506070619,0.00961538461538462,16
"894","18",10,762478,0.044582653986425,0.0116279069767442,5
"895","18",11,759492,0.0613477260819111,0.0158730158730159,2
"896","18",12,757368,0.0460103176165847,0.00869565217391304,4
"897","18",13,759359,0.0549465089699218,0.0166666666666667,18
"898","18",14,762439,0.0422736853345623,0.00980392156862745,6
"899","18",15,759641,0.061527326628969,0.0135135135135135,19
"900","18",16,758335,0.0278243749022178,0.00961538461538462,20
"901","18",17,759329,0.0355436273074781,0.0114942528735632,15
"902","18",18,761141,0.0691575024096992,0.03125,20
"903","18",19,757884,0.049139595816282,0.015625,10
"904","18",20,759689,0.0400834908291733,0.0105263157894737,6
"905","18",21,757739,0.102701305184387,0.111111111111111,15
"906","18",22,758239,0.0343324976443397,0.00961538461538462,9
"907","18",23,760032,0.0343325226758154,0.0125,12
"908","18",24,757222,0.0457740193132297,0.0185185185185185,5
"909","18",25,760780,0.0457409524590167,0.00854700854700855,11
"910","18",26,763928,0.0827148583995638,0.0434782608695652,5
"911","18",27,757670,0.067657094038429,0.037037037037037,20
"912","18",28,759523,0.0709779166062349,0.024390243902439,16
"913","18",29,760942,0.0519310498184183,0.024390243902439,12
"914","18",30,757303,0.0357535549026463,0.0144927536231884,4
"915","18",31,763975,0.0979269432669242,0.027027027027027,3
"916","18",32,763862,0.0281897234791958,0.0123456790123457,14
"917","18",33,761989,0.042610245557669,0.0185185185185185,8
"918","18",34,758318,0.0267626844794058,0.0222222222222222,10
"919","18",35,763181,0.0662383059465868,0.0285714285714286,17
"920","18",36,760997,0.0341253628029351,0.00980392156862745,14
"921","18",37,762224,0.0460190302265537,0.0163934426229508,15
"922","18",38,758427,0.0797550440746726,0.0434782608695652,6
"923","18",39,756696,0.0245349959773412,0.0181818181818182,1
"924","18",40,762063,0.0573460572802694,0.04,20
"925","18",41,762470,0.0537176775810387,0.0204081632653061,5
"926","18",42,762180,0.0487254921040461,0.0416666666666667,5
"927","18",43,757424,0.0380430290937167,0.05,11
"928","18",44,759840,0.0495936600175754,0.0192307692307692,17
"929","18",45,756738,0.0277688262862437,0.0227272727272727,19
"930","18",46,763886,0.117579368512536,0.0357142857142857,3
"931","18",47,761758,0.0301823699218642,0.0212765957446809,11
"932","18",48,759356,0.0747602909586209,0.04,8
"933","18",49,760818,0.041555516242811,0.0149253731343284,20
"934","18",50,764044,0.0960054363567954,0.0526315789473684,20
"935","18",51,763353,0.0401039598966684,0.0256410256410256,11
"936","18",52,763909,0,0,16
"937","19",1,758099,0.0520092076352586,0.01,19
"938","19",2,759929,0.0776835413664492,0.0212765957446809,12
"939","19",3,764041,0.0643470156661188,0.0111111111111111,16
"940","19",4,758879,0.0549981473835617,0.0099009900990099,19
"941","19",5,757900,0.0548849253320622,0.00826446280991735,18
"942","19",6,760547,0.0420708953625218,0.00806451612903226,11
"943","19",7,762104,0.0522171289039745,0.0125,8
"944","19",8,758508,0.0496662937195153,0.0131578947368421,5
"945","19",9,760175,0.039355770153563,0.0078125,3
"946","19",10,762478,0.039682866755346,0.00793650793650794,18
"947","19",11,759492,0.0537242870366695,0.027027027027027,16
"948","19",12,757368,0.0492165157799462,0.0128205128205128,8
"949","19",13,759359,0.0567963121734218,0.0133333333333333,12
"950","19",14,762439,0.0291878216543354,0.00689655172413793,5
"951","19",15,759641,0.0973793276040579,0.0833333333333333,1
"952","19",16,758335,0.0324284651444315,0.00840336134453781,18
"953","19",17,759329,0.0408732582812371,0.00961538461538462,11
"954","19",18,761141,0.0918392709058131,0.0256410256410256,4
"955","19",19,757884,0.0512026607157535,0.0204081632653061,5
"956","19",20,759689,0.0404589429491161,0.0126582278481013,17
"957","19",21,757739,0.0478108979187216,0.0153846153846154,17
"958","19",22,758239,0.0469844617029535,0.027027027027027,11
"959","19",23,760032,0.0705047636580064,0.0185185185185185,19
"960","19",24,757222,0.0592316163602127,0.0357142857142857,14
"961","19",25,760780,0.0548436279460717,0.024390243902439,9
"962","19",26,763928,0.0975109061611993,0.0434782608695652,7
"963","19",27,757670,0.0647391019763234,0.0169491525423729,2
"964","19",28,759523,0.0457199467011737,0.0175438596491228,18
"965","19",29,760942,0.0339459578034228,0.00961538461538462,18
"966","19",30,757303,0.0583949429692352,0.0117647058823529,12
"967","19",31,763975,0.0253550640437258,0.00719424460431655,10
"968","19",32,763862,0.0825605202083782,0.0454545454545454,2
"969","19",33,761989,0.0306325734312468,0.0172413793103448,7
"970","19",34,758318,0.0498553114266822,0.0476190476190476,15
"971","19",35,763181,0.052064247652449,0.015625,1
"972","19",36,760997,0.0717812135202618,0.0714285714285714,13
"973","19",37,762224,0.0468521212630035,0.0172413793103448,12
"974","19",38,758427,0.0409838426690506,0.03125,6
"975","19",39,756696,0.0465826967807699,0.0232558139534884,15
"976","19",40,762063,0.0488323630516719,0.0416666666666667,14
"977","19",41,762470,0.106941277681185,0.0294117647058823,11
"978","19",42,762180,0.0595657361279389,0.0188679245283019,5
"979","19",43,757424,0.0360698643530665,0.0125,4
"980","19",44,759840,0.117409706224063,0.0212765957446809,1
"981","19",45,756738,0.033274321023314,0.0294117647058823,12
"982","19",46,763886,0.0351612920136007,0.0196078431372549,5
"983","19",47,761758,0.0307586086108097,0.0217391304347826,13
"984","19",48,764147,0.0195577142586169,0.0212765957446809,17
"985","19",49,764049,0.0252036276832063,0.0285714285714286,6
"986","19",50,762220,0.0463646557821583,0.027027027027027,16
"987","19",51,758349,0.0513036357606906,0.027027027027027,14
"988","19",52,762715,0,0,9
"989","20",1,758099,0.0450977024475827,0.0075187969924812,20
"990","20",2,759929,0.0541535413091359,0.0128205128205128,20
"991","20",3,764041,0.0503914817059326,0.0131578947368421,7
"992","20",4,758879,0.0482677323092885,0.00793650793650794,7
"993","20",5,757900,0.0748594671534191,0.027027027027027,10
"994","20",6,760547,0.049660117083662,0.0078125,4
"995","20",7,762104,0.0449797376153428,0.00961538461538462,15
"996","20",8,758508,0.0474831868420662,0.00900900900900901,10
"997","20",9,760175,0.0699568362758376,0.0169491525423729,13
"998","20",10,762478,0.0640994149844609,0.024390243902439,4
"999","20",11,759492,0.074702379974119,0.027027027027027,14
"1000","20",12,757368,0.0457280250543527,0.01,12
"1001","20",13,759359,0.0459065818054936,0.0112359550561798,10
"1002","20",14,762439,0.0956543595062734,0.0384615384615385,1
"1003","20",15,759641,0.0614325508169139,0.0142857142857143,4
"1004","20",16,758335,0.0473551979069806,0.0112359550561798,20
"1005","20",17,759329,0.0502121640810478,0.0108695652173913,18
"1006","20",18,761141,0.037055529968679,0.00806451612903226,16
"1007","20",19,757884,0.0421479270293513,0.00980392156862745,11
"1008","20",20,759689,0.0542673505329483,0.0114942528735632,5
"1009","20",21,757739,0.022683586080422,0.00869565217391304,7
"1010","20",22,758239,0.0793654895221351,0.025,13
"1011","20",23,760032,0.0830313202965233,0.0588235294117647,18
"1012","20",24,757222,0.0544362539278883,0.0131578947368421,12
"1013","20",25,760780,0.0771248641631588,0.0227272727272727,20
"1014","20",26,763928,0.0350887444314055,0.0192307692307692,5
"1015","20",27,757670,0.0735712587000616,0.0263157894736842,6
"1016","20",28,759523,0.036826915323299,0.0153846153846154,19
"1017","20",29,760942,0.0531286175630072,0.0238095238095238,8
"1018","20",30,757303,0.0648508406208984,0.0263157894736842,12
"1019","20",31,763975,0.0393863352815649,0.0102040816326531,8
"1020","20",32,763862,0.0306401347238495,0.0123456790123457,7
"1021","20",33,761989,0.0343869547020447,0.0166666666666667,2
"1022","20",34,758318,0.0361134903825495,0.0125,19
"1023","20",35,763181,0.0517288970049413,0.0147058823529412,5
"1024","20",36,760997,0.0465848875948542,0.0178571428571428,2
"1025","20",37,762224,0.0374866979235375,0.0149253731343284,9
"1026","20",38,758427,0.0289040246105083,0.027027027027027,10
"1027","20",39,756696,0.0206351617774261,0.010752688172043,8
"1028","20",40,762063,0.0269855769970426,0.025,19
"1029","20",41,762470,0.050936167242267,0.0128205128205128,15
"1030","20",42,762180,0.0232627046981636,0.0169491525423729,15
"1031","20",43,757424,0.0303899369169101,0.0101010101010101,7
"1032","20",44,759840,0.0562576148612185,0.0333333333333333,19
"1033","20",45,756738,0.0495241722863357,0.0357142857142857,9
"1034","20",46,763886,0.0313433242874827,0.0158730158730159,10
"1035","20",47,761758,0.0778584199636242,0.05,13
"1036","20",48,764147,0.0859279760445311,0.0434782608695652,3
"1037","20",49,764049,0.0697428123080879,0.0263157894736842,20
"1038","20",50,762380,0.0478812998369585,0.0285714285714286,11
"1039","20",51,757141,0.0502275378158729,0.0333333333333333,16
"1040","20",52,763763,0,0,2
